districtCode,tspCode,tspName,tvgCode,tvgName,wvCode,wvName
MMR0100,MMR010031,ဝမ်းတွင်း,MMR010031047,ကျောင်းကုန်း,194657,ကျောင်းကုန်း
MMR0100,MMR010031,ဝမ်းတွင်း,MMR010031047,ကျောင်းကုန်း,194660,တောင်ပုလု
MMR0100,MMR010031,ဝမ်းတွင်း,MMR010031047,ကျောင်းကုန်း,194658,သံဘို
MMR0100,MMR010031,ဝမ်းတွင်း,MMR010031047,ကျောင်းကုန်း,194659,ရွာသစ်
MMR0100,MMR010031,ဝမ်းတွင်း,MMR010031063,ကိုင်း,194710,အောင်သာ
MMR0100,MMR010031,ဝမ်းတွင်း,MMR010031063,ကိုင်း,194708,ကိုင်း
MMR0100,MMR010031,ဝမ်းတွင်း,MMR010031063,ကိုင်း,194711,မိုးကောင်းကုန်း
MMR0100,MMR010031,ဝမ်းတွင်း,MMR010031063,ကိုင်း,194713,ပွေးစုန်ကုန်း
MMR0100,MMR010031,ဝမ်းတွင်း,MMR010031063,ကိုင်း,194712,တောင်ကိုင်း
MMR0100,MMR010031,ဝမ်းတွင်း,MMR010031063,ကိုင်း,194709,ရွာသစ်
MMR0100,MMR010031,ဝမ်းတွင်း,MMR010031003,ကုက္ကိုခါးလှ,194523,ဂွေးကန်
MMR0100,MMR010031,ဝမ်းတွင်း,MMR010031003,ကုက္ကိုခါးလှ,194522,ကန်ပါတ်လည်
MMR0100,MMR010031,ဝမ်းတွင်း,MMR010031003,ကုက္ကိုခါးလှ,194521,ကုက္ကိုခါးလှ
MMR0100,MMR010031,ဝမ်းတွင်း,MMR010031003,ကုက္ကိုခါးလှ,194524,ညောင်ပင်ကုန်း
MMR0100,MMR010031,ဝမ်းတွင်း,MMR010031036,ကုန်းရွာ,194625,ကုန်းရွာ
MMR0100,MMR010031,ဝမ်းတွင်း,MMR010031011,ကုန်းကြီး,194547,ကုန်းကြီး
MMR0100,MMR010031,ဝမ်းတွင်း,MMR010031011,ကုန်းကြီး,194548,ကြပ်ကန်
MMR0100,MMR010031,ဝမ်းတွင်း,MMR010031057,ကုလားရွာ,194692,ကုလားရွာ
MMR0100,MMR010031,ဝမ်းတွင်း,MMR010031009,ခံတော,194544,အောင်သာ
MMR0100,MMR010031,ဝမ်းတွင်း,MMR010031009,ခံတော,194543,ခံတော
MMR0100,MMR010031,ဝမ်းတွင်း,MMR010031028,ခင်ကြီး,194593,ခင်ကြီး
MMR0100,MMR010031,ဝမ်းတွင်း,MMR010031029,ခင်ဘန်း,194594,ခင်ဘန်း
MMR0100,MMR010031,ဝမ်းတွင်း,MMR010031059,ဂျမ်းလုံ,194696,ဂျမ်းလုံ
MMR0100,MMR010031,ဝမ်းတွင်း,MMR010031026,ဂုဏ်,194591,ဂုဏ်ရွာ
MMR0100,MMR010031,ဝမ်းတွင်း,MMR010031017,ဆင်ချီတိုင်,194568,ဒီးတုတ်ကွေ့
MMR0100,MMR010031,ဝမ်းတွင်း,MMR010031017,ဆင်ချီတိုင်,194567,ဆားတောင်
MMR0100,MMR010031,ဝမ်းတွင်း,MMR010031017,ဆင်ချီတိုင်,194566,ရွှေကူ
MMR0100,MMR010031,ဝမ်းတွင်း,MMR010031017,ဆင်ချီတိုင်,194565,ဆင်ချီတိုင်
MMR0100,MMR010031,ဝမ်းတွင်း,MMR010031025,ဆူးပန်း,194588,ကံစွယ်
MMR0100,MMR010031,ဝမ်းတွင်း,MMR010031025,ဆူးပန်း,194590,မြင်းကျကန်
MMR0100,MMR010031,ဝမ်းတွင်း,MMR010031025,ဆူးပန်း,194587,ဆူးပန်း
MMR0100,MMR010031,ဝမ်းတွင်း,MMR010031025,ဆူးပန်း,194589,သရက်ကန်
MMR0100,MMR010031,ဝမ်းတွင်း,MMR010031046,ဇဝင်း,194656,အိုင်သာ
MMR0100,MMR010031,ဝမ်းတွင်း,MMR010031046,ဇဝင်း,194655,ဇဝင်း
MMR0100,MMR010031,ဝမ်းတွင်း,MMR010031002,ညောင်တို,194519,မရမ်း
MMR0100,MMR010031,ဝမ်းတွင်း,MMR010031002,ညောင်တို,194516,မြင်သာ
MMR0100,MMR010031,ဝမ်းတွင်း,MMR010031002,ညောင်တို,194514,ညောင်တို
MMR0100,MMR010031,ဝမ်းတွင်း,MMR010031002,ညောင်တို,194515,သဲကန်
MMR0100,MMR010031,ဝမ်းတွင်း,MMR010031002,ညောင်တို,194518,ဝက်လက်
MMR0100,MMR010031,ဝမ်းတွင်း,MMR010031002,ညောင်တို,194517,ရုံးစု
MMR0100,MMR010031,ဝမ်းတွင်း,MMR010031002,ညောင်တို,194520,ရွာသာအေး
MMR0100,MMR010031,ဝမ်းတွင်း,MMR010031018,ညောင်ပင်,194570,ခြင်္သေ့လက်
MMR0100,MMR010031,ဝမ်းတွင်း,MMR010031018,ညောင်ပင်,194569,ညောင်ပင်
MMR0100,MMR010031,ဝမ်းတွင်း,MMR010031039,ညောင်ပင်သာ,194635,ညောင်ပင်သာ
MMR0100,MMR010031,ဝမ်းတွင်း,MMR010031039,ညောင်ပင်သာ,194636,ဆည်ရွာ_ ညောင်ပင်သာ
MMR0100,MMR010031,ဝမ်းတွင်း,MMR010031030,ညောင်အုပ်ဖီး,194597,ဒုံးကုန်း
MMR0100,MMR010031,ဝမ်းတွင်း,MMR010031030,ညောင်အုပ်ဖီး,194596,ကန်သာ
MMR0100,MMR010031,ဝမ်းတွင်း,MMR010031030,ညောင်အုပ်ဖီး,194598,ကျွဲသား
MMR0100,MMR010031,ဝမ်းတွင်း,MMR010031030,ညောင်အုပ်ဖီး,194595,ညောင်အုပ်ဖီး
MMR0100,MMR010031,ဝမ်းတွင်း,MMR010031030,ညောင်အုပ်ဖီး,194599,ရိုးရွာ
MMR0100,MMR010031,ဝမ်းတွင်း,MMR010031037,တမာကန်,194628,ကျောက်အိုး
MMR0100,MMR010031,ဝမ်းတွင်း,MMR010031037,တမာကန်,194630,မင်းကုန်း
MMR0100,MMR010031,ဝမ်းတွင်း,MMR010031037,တမာကန်,194629,အုန္နဲ
MMR0100,MMR010031,ဝမ်းတွင်း,MMR010031037,တမာကန်,194631,ဆည်ရွာ_တမာကန်
MMR0100,MMR010031,ဝမ်းတွင်း,MMR010031037,တမာကန်,194626,တမာကန်
MMR0100,MMR010031,ဝမ်းတွင်း,MMR010031037,တမာကန်,194627,သနပ်ခါးတော
MMR0100,MMR010031,ဝမ်းတွင်း,MMR010031068,တောင်ဆည်,194726,ကုန်းကန်
MMR0100,MMR010031,ဝမ်းတွင်း,MMR010031068,တောင်ဆည်,194727,တောင်ညို
MMR0100,MMR010031,ဝမ်းတွင်း,MMR010031068,တောင်ဆည်,194725,တောင်ဆည်
MMR0100,MMR010031,ဝမ်းတွင်း,MMR010031010,တောင်ဘို,194546,ဆူးဖြူကန်
MMR0100,MMR010031,ဝမ်းတွင်း,MMR010031010,တောင်ဘို,194545,တောင်ဘို
MMR0100,MMR010031,ဝမ်းတွင်း,MMR010031052,တဲစု,194675,တဲစု
MMR0100,MMR010031,ဝမ်းတွင်း,MMR010031066,ထန်းပင်ကုန်း,194719,ချိုင်း (ကင်းရွာ)
MMR0100,MMR010031,ဝမ်းတွင်း,MMR010031066,ထန်းပင်ကုန်း,194722,ထန်းပင်ကုန်း
MMR0100,MMR010031,ဝမ်းတွင်း,MMR010031062,ထီးလှိုင်,194705,ထီးလှိုင် (အရှေ့)
MMR0100,MMR010031,ဝမ်းတွင်း,MMR010031062,ထီးလှိုင်,194704,ထီးလှိုင် (အနောက်)
MMR0100,MMR010031,ဝမ်းတွင်း,MMR010031062,ထီးလှိုင်,194707,ဆည်
MMR0100,MMR010031,ဝမ်းတွင်း,MMR010031062,ထီးလှိုင်,194706,ဇီးကုန်း
MMR0100,MMR010031,ဝမ်းတွင်း,MMR010031050,ဒါးလှ,194666,ဒါးလှ
MMR0100,MMR010031,ဝမ်းတွင်း,MMR010031050,ဒါးလှ,194668,မြစ်သူငယ်
MMR0100,MMR010031,ဝမ်းတွင်း,MMR010031050,ဒါးလှ,194669,ပေါက်ကန်
MMR0100,MMR010031,ဝမ်းတွင်း,MMR010031050,ဒါးလှ,194667,သစ်ပုလွေကန်
MMR0100,MMR010031,ဝမ်းတွင်း,MMR010031022,ဒိုင်ကောင်းကုန်း,194581,ဒိုင်ကောင်းကုန်း
MMR0100,MMR010031,ဝမ်းတွင်း,MMR010031022,ဒိုင်ကောင်းကုန်း,194582,ညောင်ပင်လှ
MMR0100,MMR010031,ဝမ်းတွင်း,MMR010031061,နတ်ကန်,194702,နတ်ကန် (အရှေ့)
MMR0100,MMR010031,ဝမ်းတွင်း,MMR010031061,နတ်ကန်,194703,နတ်ကန် (အနောက်)
MMR0100,MMR010031,ဝမ်းတွင်း,MMR010031053,ပင်းတလဲ,194677,ကန်အောက်
MMR0100,MMR010031,ဝမ်းတွင်း,MMR010031053,ပင်းတလဲ,194678,လေးမျက်နှာ
MMR0100,MMR010031,ဝမ်းတွင်း,MMR010031053,ပင်းတလဲ,194676,ပင်းတလဲ
MMR0100,MMR010031,ဝမ်းတွင်း,MMR010031006,ပဒင်း,194534,မကျီးကုန်း
MMR0100,MMR010031,ဝမ်းတွင်း,MMR010031006,ပဒင်း,194532,ပဒင်း (အနောက်)
MMR0100,MMR010031,ဝမ်းတွင်း,MMR010031006,ပဒင်း,194533,ပဒင်းဂွေ့ကြီး
MMR0100,MMR010031,ဝမ်းတွင်း,MMR010031006,ပဒင်း,194531,ပဒင်းကုန်းကြီး
MMR0100,MMR010031,ဝမ်းတွင်း,MMR010031006,ပဒင်း,194530,ပဒင်းရွာမ
MMR0100,MMR010031,ဝမ်းတွင်း,MMR010031041,ပန်းကြိုင်,194644,အိုးပြွန်ကန်
MMR0100,MMR010031,ဝမ်းတွင်း,MMR010031041,ပန်းကြိုင်,194643,ပန်းကြိုင်
MMR0100,MMR010031,ဝမ်းတွင်း,MMR010031044,ပဲခင်းကျော်,194652,ပဲခင်းကျော်
MMR0100,MMR010031,ဝမ်းတွင်း,MMR010031044,ပဲခင်းကျော်,194653,တမာကုန်း
MMR0100,MMR010031,ဝမ်းတွင်း,MMR010031012,ပဲနံ့သာ,194550,ကံကြီး
MMR0100,MMR010031,ဝမ်းတွင်း,MMR010031012,ပဲနံ့သာ,194549,ပဲနံ့သာ
MMR0100,MMR010031,ဝမ်းတွင်း,MMR010031012,ပဲနံ့သာ,194552,သပြေရိုး
MMR0100,MMR010031,ဝမ်းတွင်း,MMR010031012,ပဲနံ့သာ,194551,ရွာသာအေး
MMR0100,MMR010031,ဝမ်းတွင်း,MMR010031013,ဖလန်ကန်,194553,ဖလန်ကန်
MMR0100,MMR010031,ဝမ်းတွင်း,MMR010031048,ဖလန်ကျင်း,194661,ဖလန်ကျင်း
MMR0100,MMR010031,ဝမ်းတွင်း,MMR010031048,ဖလန်ကျင်း,194662,မုံတော
MMR0100,MMR010031,ဝမ်းတွင်း,MMR010031048,ဖလန်ကျင်း,194663,သဖန်းပင်
MMR0100,MMR010031,ဝမ်းတွင်း,MMR010031016,ဗြင်ကြီး,194562,အလယ်ကျွန်း
MMR0100,MMR010031,ဝမ်းတွင်း,MMR010031016,ဗြင်ကြီး,194560,ဗြင်ကြီး
MMR0100,MMR010031,ဝမ်းတွင်း,MMR010031016,ဗြင်ကြီး,194561,ကျွဲတပ်
MMR0100,MMR010031,ဝမ်းတွင်း,MMR010031016,ဗြင်ကြီး,194564,ဇီးဖြူခြံ
MMR0100,MMR010031,ဝမ်းတွင်း,MMR010031016,ဗြင်ကြီး,194563,ဇီးပင်ကုန်း
MMR0100,MMR010031,ဝမ်းတွင်း,MMR010031031,ဘုရားစု,194600,ဘုရားစု
MMR0100,MMR010031,ဝမ်းတွင်း,MMR010031031,ဘုရားစု,194607,ထိန်ပင်အင်း (မြောက်)
MMR0100,MMR010031,ဝမ်းတွင်း,MMR010031031,ဘုရားစု,194608,ထိန်ပင်အင်း (တောင်)
MMR0100,MMR010031,ဝမ်းတွင်း,MMR010031031,ဘုရားစု,194604,ကန်သစ် (မြောက်)
MMR0100,MMR010031,ဝမ်းတွင်း,MMR010031031,ဘုရားစု,194603,ကန်သစ် (တောင်)
MMR0100,MMR010031,ဝမ်းတွင်း,MMR010031031,ဘုရားစု,194606,ကျောက်ကန်
MMR0100,MMR010031,ဝမ်းတွင်း,MMR010031031,ဘုရားစု,194602,ကျောက်ကုန်း
MMR0100,MMR010031,ဝမ်းတွင်း,MMR010031031,ဘုရားစု,194605,သူဌေးကုန်း
MMR0100,MMR010031,ဝမ်းတွင်း,MMR010031031,ဘုရားစု,194601,ရုံးတော
MMR0100,MMR010031,ဝမ်းတွင်း,MMR010031020,ဘုရားဖြူ,194577,ဘုရားဖြူ
MMR0100,MMR010031,ဝမ်းတွင်း,MMR010031020,ဘုရားဖြူ,194578,ကံကွေ့
MMR0100,MMR010031,ဝမ်းတွင်း,MMR010031020,ဘုရားဖြူ,194579,ရွာရှည်
MMR0100,MMR010031,ဝမ်းတွင်း,MMR010031027,မြေတိုင်ကန်,194592,မြေတိုင်ကန်
MMR0100,MMR010031,ဝမ်းတွင်း,MMR010031045,မလွှပင်,194654,မလွှပင်
MMR0100,MMR010031,ဝမ်းတွင်း,MMR010031015,ရွှေတောင်,194556,ငွေဘုံသာ
MMR0100,MMR010031,ဝမ်းတွင်း,MMR010031015,ရွှေတောင်,194559,ပုလုကုန်း
MMR0100,MMR010031,ဝမ်းတွင်း,MMR010031015,ရွှေတောင်,194557,ရွှေဘုံသာ
MMR0100,MMR010031,ဝမ်းတွင်း,MMR010031015,ရွှေတောင်,194558,ရွှေဂံ
MMR0100,MMR010031,ဝမ်းတွင်း,MMR010031015,ရွှေတောင်,194555,ရွှေတောင်
MMR0100,MMR010031,ဝမ်းတွင်း,MMR010031043,ရွှေဖလားကန်,194650,ပေါက်တော (အရှေ့)
MMR0100,MMR010031,ဝမ်းတွင်း,MMR010031043,ရွှေဖလားကန်,194651,ပေါက်တော (အနောက်)
MMR0100,MMR010031,ဝမ်းတွင်း,MMR010031043,ရွှေဖလားကန်,194649,စိန်ပန်းပင်
MMR0100,MMR010031,ဝမ်းတွင်း,MMR010031043,ရွှေဖလားကန်,194647,ရွှေဖလားကန် (မြောက်)
MMR0100,MMR010031,ဝမ်းတွင်း,MMR010031043,ရွှေဖလားကန်,194648,ရွှေဖလားကန် (တောင်)
MMR0100,MMR010031,ဝမ်းတွင်း,MMR010031060,ရွာတန်း,194701,ဂုံကွေ့
MMR0100,MMR010031,ဝမ်းတွင်း,MMR010031060,ရွာတန်း,194699,လျှော်ပင်
MMR0100,MMR010031,ဝမ်းတွင်း,MMR010031060,ရွာတန်း,194697,ရွာတန်း
MMR0100,MMR010031,ဝမ်းတွင်း,MMR010031060,ရွာတန်း,194700,ရွာသစ်
MMR0100,MMR010031,ဝမ်းတွင်း,MMR010031060,ရွာတန်း,194698,ဇဂျမ်းကုန်း
MMR0100,MMR010031,ဝမ်းတွင်း,MMR010031064,ရွာဝေ,194715,ကန်ပေါက်ကြီး
MMR0100,MMR010031,ဝမ်းတွင်း,MMR010031064,ရွာဝေ,194717,ကန်တို
MMR0100,MMR010031,ဝမ်းတွင်း,MMR010031064,ရွာဝေ,194716,ရေလည်ကွေ့
MMR0100,MMR010031,ဝမ်းတွင်း,MMR010031064,ရွာဝေ,194714,ရွာဝေ
MMR0100,MMR010031,ဝမ်းတွင်း,MMR010031034,ရွဲသီး,194621,ကုက္ကိုပင်
MMR0100,MMR010031,ဝမ်းတွင်း,MMR010031034,ရွဲသီး,194619,ကျောက်ပုံ
MMR0100,MMR010031,ဝမ်းတွင်း,MMR010031034,ရွဲသီး,194620,ဆုံကုန်း
MMR0100,MMR010031,ဝမ်းတွင်း,MMR010031034,ရွဲသီး,194618,ရွဲသီး
MMR0100,MMR010031,ဝမ်းတွင်း,MMR010031051,ရှောက်တော,194673,ကွေ့ကြီး
MMR0100,MMR010031,ဝမ်းတွင်း,MMR010031051,ရှောက်တော,194671,ညံကန်
MMR0100,MMR010031,ဝမ်းတွင်း,MMR010031051,ရှောက်တော,194672,ပလဝါ
MMR0100,MMR010031,ဝမ်းတွင်း,MMR010031051,ရှောက်တော,194670,ရှောက်တော
MMR0100,MMR010031,ဝမ်းတွင်း,MMR010031051,ရှောက်တော,194674,ဆင်သေကွေ့
MMR0100,MMR010031,ဝမ်းတွင်း,MMR010031065,ရာသင်္ချာ,194723,ကင်း
MMR0100,MMR010031,ဝမ်းတွင်း,MMR010031065,ရာသင်္ချာ,194720,ကျားသေကန်
MMR0100,MMR010031,ဝမ်းတွင်း,MMR010031065,ရာသင်္ချာ,194721,ဆည်
MMR0100,MMR010031,ဝမ်းတွင်း,MMR010031065,ရာသင်္ချာ,194718,ရာသင်္ချာ
MMR0100,MMR010031,ဝမ်းတွင်း,MMR010031035,ရိုးစုံ,194624,မကျီးအုပ်
MMR0100,MMR010031,ဝမ်းတွင်း,MMR010031035,ရိုးစုံ,194623,သပြေသာ
MMR0100,MMR010031,ဝမ်းတွင်း,MMR010031035,ရိုးစုံ,194622,ရိုးစုံ
MMR0100,MMR010031,ဝမ်းတွင်း,MMR010031001,ရေဆုံး,194512,ကင်းရွာကုန်း
MMR0100,MMR010031,ဝမ်းတွင်း,MMR010031001,ရေဆုံး,194513,ကျောင်းကုန်း
MMR0100,MMR010031,ဝမ်းတွင်း,MMR010031001,ရေဆုံး,194511,ရေဆုံး
MMR0100,MMR010031,ဝမ်းတွင်း,MMR010031040,ရေတွင်း,194639,ကိုးကာတော
MMR0100,MMR010031,ဝမ်းတွင်း,MMR010031040,ရေတွင်း,194640,ကုလားကာ
MMR0100,MMR010031,ဝမ်းတွင်း,MMR010031040,ရေတွင်း,194641,ကျောင်းကုန်း
MMR0100,MMR010031,ဝမ်းတွင်း,MMR010031040,ရေတွင်း,194638,လိပ်တက်
MMR0100,MMR010031,ဝမ်းတွင်း,MMR010031040,ရေတွင်း,194642,မကျီးတော
MMR0100,MMR010031,ဝမ်းတွင်း,MMR010031040,ရေတွင်း,194637,ရေတွင်း
MMR0100,MMR010031,ဝမ်းတွင်း,MMR010031033,လိန်ပင်,194615,ထနောင်းကုန်း
MMR0100,MMR010031,ဝမ်းတွင်း,MMR010031033,လိန်ပင်,194614,ကျောင်းကုန်း
MMR0100,MMR010031,ဝမ်းတွင်း,MMR010031033,လိန်ပင်,194613,လိန်ပင်
MMR0100,MMR010031,ဝမ်းတွင်း,MMR010031033,လိန်ပင်,194616,နွားနန်း
MMR0100,MMR010031,ဝမ်းတွင်း,MMR010031033,လိန်ပင်,194617,ဇောင်ဂျမ်းကုန်း
MMR0100,MMR010031,ဝမ်းတွင်း,MMR010031055,လူးခင်း,194688,ဘုတ်ကုန်း
MMR0100,MMR010031,ဝမ်းတွင်း,MMR010031055,လူးခင်း,194686,ဖုံးစိုး
MMR0100,MMR010031,ဝမ်းတွင်း,MMR010031055,လူးခင်း,194683,လူးခင်း
MMR0100,MMR010031,ဝမ်းတွင်း,MMR010031055,လူးခင်း,194687,ငါးရံ့ကုန်း
MMR0100,MMR010031,ဝမ်းတွင်း,MMR010031055,လူးခင်း,194684,ပျားစွဲ (အရှေ့)
MMR0100,MMR010031,ဝမ်းတွင်း,MMR010031055,လူးခင်း,194685,ပျားစွဲ (အနောက်)
MMR0100,MMR010031,ဝမ်းတွင်း,MMR010031701,ဝမ်းတွင်း,MMR010031701504,သဲတောမြို့မအမှတ် (၁) ရပ်ကွက်
MMR0100,MMR010031,ဝမ်းတွင်း,MMR010031701,ဝမ်းတွင်း,MMR010031701505,သဲတောမြို့မအမှတ် (၂) ရပ်ကွက်
MMR0100,MMR010031,ဝမ်းတွင်း,MMR010031701,ဝမ်းတွင်း,MMR010031701506,သဲတောမြို့မအမှတ် (၃) ရပ်ကွက်
MMR0100,MMR010031,ဝမ်းတွင်း,MMR010031701,ဝမ်းတွင်း,MMR010031701501,ဝမ်းတွင်းမြို့မအမှတ် (၁) ရပ်ကွက်
MMR0100,MMR010031,ဝမ်းတွင်း,MMR010031701,ဝမ်းတွင်း,MMR010031701502,ဝမ်းတွင်းမြို့မအမှတ် (၂) ရပ်ကွက်
MMR0100,MMR010031,ဝမ်းတွင်း,MMR010031701,ဝမ်းတွင်း,MMR010031701503,ဝမ်းတွင်းမြို့မအမှတ် (၃) ရပ်ကွက်
MMR0100,MMR010031,ဝမ်းတွင်း,MMR010031014,သခွတ်မြင့်,194554,သခွတ်မြင့်
MMR0100,MMR010031,ဝမ်းတွင်း,MMR010031023,သင်္ဃန်းဆွဲ,194584,နဘဲကန်
MMR0100,MMR010031,ဝမ်းတွင်း,MMR010031023,သင်္ဃန်းဆွဲ,194583,စမုံ
MMR0100,MMR010031,ဝမ်းတွင်း,MMR010031019,သနပ်ခါးတော,194576,ထိန်ကန်
MMR0100,MMR010031,ဝမ်းတွင်း,MMR010031019,သနပ်ခါးတော,194575,ခါးတက်ကန်
MMR0100,MMR010031,ဝမ်းတွင်း,MMR010031019,သနပ်ခါးတော,194573,ကျွတ်ကန် (မြောက်)
MMR0100,MMR010031,ဝမ်းတွင်း,MMR010031019,သနပ်ခါးတော,194572,ကျွတ်ကန် (တောင်)
MMR0100,MMR010031,ဝမ်းတွင်း,MMR010031019,သနပ်ခါးတော,194574,ကျွတ်ကန်ကွက်သစ်
MMR0100,MMR010031,ဝမ်းတွင်း,MMR010031019,သနပ်ခါးတော,194571,သနပ်ခါးတော
MMR0100,MMR010031,ဝမ်းတွင်း,MMR010031069,သဖန်း,194728,သဖန်း
MMR0100,MMR010031,ဝမ်းတွင်း,MMR010031038,သဘွတ်ကုန်း,194634,ကုက္ကိုတော
MMR0100,MMR010031,ဝမ်းတွင်း,MMR010031038,သဘွတ်ကုန်း,194633,ပဲပြစ်
MMR0100,MMR010031,ဝမ်းတွင်း,MMR010031038,သဘွတ်ကုန်း,194632,သဘွတ်ကုန်း
MMR0100,MMR010031,ဝမ်းတွင်း,MMR010031021,အင်းကန်းကုန်း,194580,အင်းကန်းကုန်း
MMR0100,MMR010031,ဝမ်းတွင်း,MMR010031024,အင်းခမ်း,194585,အင်းခမ်းကြီး
MMR0100,MMR010031,ဝမ်းတွင်း,MMR010031024,အင်းခမ်း,194586,လက်ပါတ်ကုန်း
MMR0100,MMR010031,ဝမ်းတွင်း,MMR010031049,အင်းယင်း,194664,အင်းယင်း
MMR0100,MMR010031,ဝမ်းတွင်း,MMR010031049,အင်းယင်း,194665,သဲတောလေး
MMR0100,MMR010031,ဝမ်းတွင်း,MMR010031042,အိုမတွေ့,194646,ခံဘူး
MMR0100,MMR010031,ဝမ်းတွင်း,MMR010031042,အိုမတွေ့,194645,အိုမတွေ့
MMR0100,MMR010031,ဝမ်းတွင်း,MMR010031058,အောင်ချမ်းသာ,194693,အောင်ချမ်းသာ
MMR0100,MMR010031,ဝမ်းတွင်း,MMR010031058,အောင်ချမ်းသာ,194695,ပြည်တော်သာ
MMR0100,MMR010031,ဝမ်းတွင်း,MMR010031058,အောင်ချမ်းသာ,194694,ရေအောင့်
MMR0100,MMR010028,မိတ္ထီလာ,MMR010028056,ကန်ကြီး,194001,ကန်ကြီးရွာမ
MMR0100,MMR010028,မိတ္ထီလာ,MMR010028056,ကန်ကြီး,194003,ကုက္ကိုပင်
MMR0100,MMR010028,မိတ္ထီလာ,MMR010028056,ကန်ကြီး,194005,ကျောင်း
MMR0100,MMR010028,မိတ္ထီလာ,MMR010028056,ကန်ကြီး,218405,ကြိတ်ပုလဲ
MMR0100,MMR010028,မိတ္ထီလာ,MMR010028056,ကန်ကြီး,194004,အုပ်ဖို
MMR0100,MMR010028,မိတ္ထီလာ,MMR010028056,ကန်ကြီး,194002,ပတောက်ပင်
MMR0100,MMR010028,မိတ္ထီလာ,MMR010028043,ကန်တောင်,193938,ထိန်ကံ
MMR0100,MMR010028,မိတ္ထီလာ,MMR010028043,ကန်တောင်,193935,ကန်တောင်
MMR0100,MMR010028,မိတ္ထီလာ,MMR010028043,ကန်တောင်,193940,ကန်သာ
MMR0100,MMR010028,မိတ္ထီလာ,MMR010028043,ကန်တောင်,193937,မုံပင်ဆည်
MMR0100,MMR010028,မိတ္ထီလာ,MMR010028043,ကန်တောင်,193941,ညောင်ပင်လှ
MMR0100,MMR010028,မိတ္ထီလာ,MMR010028043,ကန်တောင်,193936,ပန်းတိမ်ကုန်း
MMR0100,MMR010028,မိတ္ထီလာ,MMR010028043,ကန်တောင်,193939,ရွာသစ်
MMR0100,MMR010028,မိတ္ထီလာ,MMR010028025,ကန်နီ,193812,ကန်နီ (အရှေ့)
MMR0100,MMR010028,မိတ္ထီလာ,MMR010028025,ကန်နီ,193813,ကန်နီ (အနောက်)
MMR0100,MMR010028,မိတ္ထီလာ,MMR010028025,ကန်နီ,193815,လက်ခုတ်ပင်
MMR0100,MMR010028,မိတ္ထီလာ,MMR010028025,ကန်နီ,193820,ညောင်ကုန်း (အရှေ့)
MMR0100,MMR010028,မိတ္ထီလာ,MMR010028025,ကန်နီ,193819,ညောင်ကုန်း (အနောက်)
MMR0100,MMR010028,မိတ္ထီလာ,MMR010028025,ကန်နီ,193816,ပျော်ကုန်း
MMR0100,MMR010028,မိတ္ထီလာ,MMR010028025,ကန်နီ,193814,သာယာကုန်း
MMR0100,MMR010028,မိတ္ထီလာ,MMR010028025,ကန်နီ,193818,သီတပ်ကန် (အလယ်)
MMR0100,MMR010028,မိတ္ထီလာ,MMR010028025,ကန်နီ,193817,သီတပ်ကန် (တောင်)
MMR0100,MMR010028,မိတ္ထီလာ,MMR010028039,ကန်သာ,193911,ဘုရားနီ
MMR0100,MMR010028,မိတ္ထီလာ,MMR010028039,ကန်သာ,193915,ထနောင်းကံ
MMR0100,MMR010028,မိတ္ထီလာ,MMR010028039,ကန်သာ,193909,ကန်သာ
MMR0100,MMR010028,မိတ္ထီလာ,MMR010028039,ကန်သာ,193913,ကျွန်းဘိုပင်
MMR0100,MMR010028,မိတ္ထီလာ,MMR010028039,ကန်သာ,193914,မင်း
MMR0100,MMR010028,မိတ္ထီလာ,MMR010028039,ကန်သာ,193912,ဆပ်ခင်းပေါက်
MMR0100,MMR010028,မိတ္ထီလာ,MMR010028039,ကန်သာ,193910,ရိုးကံ
MMR0100,MMR010028,မိတ္ထီလာ,MMR010028035,ကဖြူ,193897,ကဖြူ
MMR0100,MMR010028,မိတ္ထီလာ,MMR010028035,ကဖြူ,193900,မင်းတဲကုန်း
MMR0100,MMR010028,မိတ္ထီလာ,MMR010028035,ကဖြူ,193898,ညောင်ကားယား
MMR0100,MMR010028,မိတ္ထီလာ,MMR010028035,ကဖြူ,193901,တလင်းကုန်း
MMR0100,MMR010028,မိတ္ထီလာ,MMR010028035,ကဖြူ,193899,သပြေပင်
MMR0100,MMR010028,မိတ္ထီလာ,MMR010028018,ကျွယ်ကန်,193757,ထနောင်းအိုင်
MMR0100,MMR010028,မိတ္ထီလာ,MMR010028018,ကျွယ်ကန်,193762,သဘွတ်ကုန်း
MMR0100,MMR010028,မိတ္ထီလာ,MMR010028018,ကျွယ်ကန်,193759,သက်ငယ်ကျင်း
MMR0100,MMR010028,မိတ္ထီလာ,MMR010028029,ကျွဲတလင်း,193851,ဘုံစုကန်
MMR0100,MMR010028,မိတ္ထီလာ,MMR010028029,ကျွဲတလင်း,193856,ဖျောက်ဆိပ်ပင်
MMR0100,MMR010028,မိတ္ထီလာ,MMR010028029,ကျွဲတလင်း,193849,ကမ္မ
MMR0100,MMR010028,မိတ္ထီလာ,MMR010028029,ကျွဲတလင်း,193857,ကန်စွယ်
MMR0100,MMR010028,မိတ္ထီလာ,MMR010028029,ကျွဲတလင်း,193858,ကြာအင်း
MMR0100,MMR010028,မိတ္ထီလာ,MMR010028029,ကျွဲတလင်း,193854,ကျောက်တိုင်
MMR0100,MMR010028,မိတ္ထီလာ,MMR010028029,ကျွဲတလင်း,193848,လူးခင်းကြီး
MMR0100,MMR010028,မိတ္ထီလာ,MMR010028029,ကျွဲတလင်း,193850,မယ်ဇလီပင်
MMR0100,MMR010028,မိတ္ထီလာ,MMR010028029,ကျွဲတလင်း,193855,မုံမင်
MMR0100,MMR010028,မိတ္ထီလာ,MMR010028029,ကျွဲတလင်း,193853,နွားစမ်း (တောင်)
MMR0100,MMR010028,မိတ္ထီလာ,MMR010028029,ကျွဲတလင်း,193852,သရက်ကန်
MMR0100,MMR010028,မိတ္ထီလာ,MMR010028004,ကျောက်ဖြူကုန်း,193656,ကျောက်ဖြူကုန်း
MMR0100,MMR010028,မိတ္ထီလာ,MMR010028004,ကျောက်ဖြူကုန်း,193660,မြင်တော်ကန်
MMR0100,MMR010028,မိတ္ထီလာ,MMR010028004,ကျောက်ဖြူကုန်း,193657,အုန်းနှဲပုတ်
MMR0100,MMR010028,မိတ္ထီလာ,MMR010028004,ကျောက်ဖြူကုန်း,193658,ပေါက်ပင်အိုင်
MMR0100,MMR010028,မိတ္ထီလာ,MMR010028004,ကျောက်ဖြူကုန်း,193661,စည်ပင်သာ
MMR0100,MMR010028,မိတ္ထီလာ,MMR010028004,ကျောက်ဖြူကုန်း,193659,ဆူးဖြူကွတ်
MMR0100,MMR010028,မိတ္ထီလာ,MMR010028019,ကျောက်ဖူး,193765,ဒဟတ္တန်း
MMR0100,MMR010028,မိတ္ထီလာ,MMR010028019,ကျောက်ဖူး,193766,ဒန်းကုန်း
MMR0100,MMR010028,မိတ္ထီလာ,MMR010028019,ကျောက်ဖူး,193767,ထနောင်းကျင်း
MMR0100,MMR010028,မိတ္ထီလာ,MMR010028019,ကျောက်ဖူး,193768,ကန်ခြား (မြောက်)
MMR0100,MMR010028,မိတ္ထီလာ,MMR010028019,ကျောက်ဖူး,193764,ကန်ခြား (တောင်)
MMR0100,MMR010028,မိတ္ထီလာ,MMR010028019,ကျောက်ဖူး,193763,ကျောက်ဖူး
MMR0100,MMR010028,မိတ္ထီလာ,MMR010028050,ကျောင်း,193969,ကလိန်ခြေ
MMR0100,MMR010028,မိတ္ထီလာ,MMR010028050,ကျောင်း,193971,ကျောက်တိုင်
MMR0100,MMR010028,မိတ္ထီလာ,MMR010028050,ကျောင်း,193968,ကျောင်း
MMR0100,MMR010028,မိတ္ထီလာ,MMR010028050,ကျောင်း,193973,ကျီးပင်ခွ
MMR0100,MMR010028,မိတ္ထီလာ,MMR010028050,ကျောင်း,193970,လေးထောင့်ကန်
MMR0100,MMR010028,မိတ္ထီလာ,MMR010028050,ကျောင်း,193974,မကြီးကန်
MMR0100,MMR010028,မိတ္ထီလာ,MMR010028050,ကျောင်း,193972,ပျောက်အိုင့်
MMR0100,MMR010028,မိတ္ထီလာ,MMR010028052,ကွက်ငယ်,193981,ဒဟတ္တန်း
MMR0100,MMR010028,မိတ္ထီလာ,MMR010028052,ကွက်ငယ်,193987,မျှောင်းပေါက်
MMR0100,MMR010028,မိတ္ထီလာ,MMR010028052,ကွက်ငယ်,193978,ကွက်ငယ်
MMR0100,MMR010028,မိတ္ထီလာ,MMR010028052,ကွက်ငယ်,193984,ကြာကန်
MMR0100,MMR010028,မိတ္ထီလာ,MMR010028052,ကွက်ငယ်,193979,ညောင်ပင်ကြီး
MMR0100,MMR010028,မိတ္ထီလာ,MMR010028052,ကွက်ငယ်,193983,ပန်းသွင်း
MMR0100,MMR010028,မိတ္ထီလာ,MMR010028052,ကွက်ငယ်,193980,ပန်းတင်
MMR0100,MMR010028,မိတ္ထီလာ,MMR010028052,ကွက်ငယ်,193986,ပြွန်ကောက်
MMR0100,MMR010028,မိတ္ထီလာ,MMR010028052,ကွက်ငယ်,193982,ရွာသစ်
MMR0100,MMR010028,မိတ္ထီလာ,MMR010028052,ကွက်ငယ်,193985,ဇီးချိုကုန်း
MMR0100,MMR010028,မိတ္ထီလာ,MMR010028026,ခင်တဲ,193824,အနောက်ကန်
MMR0100,MMR010028,မိတ္ထီလာ,MMR010028026,ခင်တဲ,193831,အောင်းကန်
MMR0100,MMR010028,မိတ္ထီလာ,MMR010028026,ခင်တဲ,193828,ကန်ကြီးကုန်း
MMR0100,MMR010028,မိတ္ထီလာ,MMR010028026,ခင်တဲ,193821,ခင်တဲ
MMR0100,MMR010028,မိတ္ထီလာ,MMR010028026,ခင်တဲ,193825,ခင်သာ
MMR0100,MMR010028,မိတ္ထီလာ,MMR010028026,ခင်တဲ,193826,မကြီးကုန်း
MMR0100,MMR010028,မိတ္ထီလာ,MMR010028026,ခင်တဲ,193822,မိကျောင်းကန်
MMR0100,MMR010028,မိတ္ထီလာ,MMR010028026,ခင်တဲ,193830,မြင်း
MMR0100,MMR010028,မိတ္ထီလာ,MMR010028026,ခင်တဲ,193832,ညောင်ပင်ကုန်း
MMR0100,MMR010028,မိတ္ထီလာ,MMR010028026,ခင်တဲ,193829,အုပ်ရှစ်ကုန်း
MMR0100,MMR010028,မိတ္ထီလာ,MMR010028026,ခင်တဲ,193823,တောင်ဖီလာ
MMR0100,MMR010028,မိတ္ထီလာ,MMR010028026,ခင်တဲ,193833,ဥယျာဉ်ကုန်း
MMR0100,MMR010028,မိတ္ထီလာ,MMR010028026,ခင်တဲ,193827,ရွာသစ်ကြီး
MMR0100,MMR010028,မိတ္ထီလာ,MMR010028046,ခင်လူး,193958,အရှေ့ကုန်း
MMR0100,MMR010028,မိတ္ထီလာ,MMR010028046,ခင်လူး,193957,ခင်လူး
MMR0100,MMR010028,မိတ္ထီလာ,MMR010028046,ခင်လူး,193960,သဲတော
MMR0100,MMR010028,မိတ္ထီလာ,MMR010028046,ခင်လူး,193959,ရွာသာ
MMR0100,MMR010028,မိတ္ထီလာ,MMR010028030,ဂဠုံကုန်း,193859,ဂဠုံကုန်း
MMR0100,MMR010028,မိတ္ထီလာ,MMR010028030,ဂဠုံကုန်း,193866,ခါးကော့
MMR0100,MMR010028,မိတ္ထီလာ,MMR010028030,ဂဠုံကုန်း,193863,မြင်သာ
MMR0100,MMR010028,မိတ္ထီလာ,MMR010028030,ဂဠုံကုန်း,193861,အုပ်မြေကံ
MMR0100,MMR010028,မိတ္ထီလာ,MMR010028030,ဂဠုံကုန်း,193864,ပျော်ဘွယ် (အရှေ့)
MMR0100,MMR010028,မိတ္ထီလာ,MMR010028030,ဂဠုံကုန်း,193865,ရှားမြို့
MMR0100,MMR010028,မိတ္ထီလာ,MMR010028030,ဂဠုံကုန်း,193862,သဲတော
MMR0100,MMR010028,မိတ္ထီလာ,MMR010028030,ဂဠုံကုန်း,193860,ရွာမ
MMR0100,MMR010028,မိတ္ထီလာ,MMR010028040,ဆည်ကုန်း,193917,ချုံစွန်း
MMR0100,MMR010028,မိတ္ထီလာ,MMR010028040,ဆည်ကုန်း,193918,ငဆက်ကန်
MMR0100,MMR010028,မိတ္ထီလာ,MMR010028040,ဆည်ကုန်း,193916,ဆည်ကုန်း
MMR0100,MMR010028,မိတ္ထီလာ,MMR010028040,ဆည်ကုန်း,193919,ဆင်မြီး
MMR0100,MMR010028,မိတ္ထီလာ,MMR010028024,ဆပ်ပျာကျင်း,193811,ဒီးဒုတ် (တောင်)
MMR0100,MMR010028,မိတ္ထီလာ,MMR010028024,ဆပ်ပျာကျင်း,193807,ဖန်းခါးကုန်း
MMR0100,MMR010028,မိတ္ထီလာ,MMR010028024,ဆပ်ပျာကျင်း,193805,ကန်ကြီးကုန်း
MMR0100,MMR010028,မိတ္ထီလာ,MMR010028024,ဆပ်ပျာကျင်း,193806,ကြာကန်
MMR0100,MMR010028,မိတ္ထီလာ,MMR010028024,ဆပ်ပျာကျင်း,193808,ကျောက်အိုး
MMR0100,MMR010028,မိတ္ထီလာ,MMR010028024,ဆပ်ပျာကျင်း,193809,ကျောက်ပုံ
MMR0100,MMR010028,မိတ္ထီလာ,MMR010028024,ဆပ်ပျာကျင်း,193804,ဆပ်ပျာကျင်း
MMR0100,MMR010028,မိတ္ထီလာ,MMR010028024,ဆပ်ပျာကျင်း,193810,သဖန်းပင်ရိုး
MMR0100,MMR010028,မိတ္ထီလာ,MMR010028042,ဇရပ်ကုန်း,193929,ဂွေးချို
MMR0100,MMR010028,မိတ္ထီလာ,MMR010028042,ဇရပ်ကုန်း,193932,လျှော်ဖြူပင်
MMR0100,MMR010028,မိတ္ထီလာ,MMR010028042,ဇရပ်ကုန်း,193930,ခံဘူး
MMR0100,MMR010028,မိတ္ထီလာ,MMR010028042,ဇရပ်ကုန်း,193933,ဆင်စွယ်ရ
MMR0100,MMR010028,မိတ္ထီလာ,MMR010028042,ဇရပ်ကုန်း,193928,ဆူးရစ်တန်း
MMR0100,MMR010028,မိတ္ထီလာ,MMR010028042,ဇရပ်ကုန်း,193927,သဘွတ်ကုန်း
MMR0100,MMR010028,မိတ္ထီလာ,MMR010028042,ဇရပ်ကုန်း,193934,ရွာတန်း
MMR0100,MMR010028,မိတ္ထီလာ,MMR010028042,ဇရပ်ကုန်း,193926,ဇရပ်ကုန်း
MMR0100,MMR010028,မိတ္ထီလာ,MMR010028032,ဇောင်ချမ်းကုန်း,193876,ဂွေးတောက်ကုန်း
MMR0100,MMR010028,မိတ္ထီလာ,MMR010028032,ဇောင်ချမ်းကုန်း,193878,မကြီးချောက်
MMR0100,MMR010028,မိတ္ထီလာ,MMR010028032,ဇောင်ချမ်းကုန်း,193877,ညောင်ကုန်း
MMR0100,MMR010028,မိတ္ထီလာ,MMR010028032,ဇောင်ချမ်းကုန်း,193875,ဇောင်ချမ်းကုန်း
MMR0100,MMR010028,မိတ္ထီလာ,MMR010028038,ညောင်ကန်,193908,ဓမ္မပါလ
MMR0100,MMR010028,မိတ္ထီလာ,MMR010028038,ညောင်ကန်,193907,ကန်ကြီး
MMR0100,MMR010028,မိတ္ထီလာ,MMR010028038,ညောင်ကန်,193905,ညောင်ကန်
MMR0100,MMR010028,မိတ္ထီလာ,MMR010028038,ညောင်ကန်,193906,သဲကုန်း
MMR0100,MMR010028,မိတ္ထီလာ,MMR010028038,ညောင်ကန်,218402,ရေတွင်းဖြူ
MMR0100,MMR010028,မိတ္ထီလာ,MMR010028036,ညောင်ကိုင်း,193902,ညောင်ကိုင်း
MMR0100,MMR010028,မိတ္ထီလာ,MMR010028044,ညောင်ဇောက်,193946,ကံဦး
MMR0100,MMR010028,မိတ္ထီလာ,MMR010028044,ညောင်ဇောက်,193948,မယ်ဇလီပင်
MMR0100,MMR010028,မိတ္ထီလာ,MMR010028044,ညောင်ဇောက်,193943,ညောင်ပင်သာ
MMR0100,MMR010028,မိတ္ထီလာ,MMR010028044,ညောင်ဇောက်,193942,ညောင်ဇောက်
MMR0100,MMR010028,မိတ္ထီလာ,MMR010028044,ညောင်ဇောက်,193947,ပျော်ဘွယ်လေး
MMR0100,MMR010028,မိတ္ထီလာ,MMR010028044,ညောင်ဇောက်,193945,စိုက်ပျိုးရေး
MMR0100,MMR010028,မိတ္ထီလာ,MMR010028044,ညောင်ဇောက်,193950,ရှားတောရွာသစ်
MMR0100,MMR010028,မိတ္ထီလာ,MMR010028044,ညောင်ဇောက်,193944,တောင်ကုန်း
MMR0100,MMR010028,မိတ္ထီလာ,MMR010028044,ညောင်ဇောက်,193949,သံကြိုးရ
MMR0100,MMR010028,မိတ္ထီလာ,MMR010028051,ညောင်မြင့်,193977,ထနောင်းတော
MMR0100,MMR010028,မိတ္ထီလာ,MMR010028051,ညောင်မြင့်,193975,ညောင်မြင့်
MMR0100,MMR010028,မိတ္ထီလာ,MMR010028051,ညောင်မြင့်,193976,ပျော်ကုန်း
MMR0100,MMR010028,မိတ္ထီလာ,MMR010028013,တပျော်,193725,အိုင့်
MMR0100,MMR010028,မိတ္ထီလာ,MMR010028013,တပျော်,218399,အိုင်ရွာဟောင်း
MMR0100,MMR010028,မိတ္ထီလာ,MMR010028013,တပျော်,193729,ကင်မွန်းခြုံ
MMR0100,MMR010028,မိတ္ထီလာ,MMR010028013,တပျော်,193731,ကုက္ကိုတော
MMR0100,MMR010028,မိတ္ထီလာ,MMR010028013,တပျော်,193732,ကြာကန်
MMR0100,MMR010028,မိတ္ထီလာ,MMR010028013,တပျော်,193726,လက်ပံအိုင့် (အရှေ့)
MMR0100,MMR010028,မိတ္ထီလာ,MMR010028013,တပျော်,193727,လက်ပံအိုင့် (အနောက်)
MMR0100,MMR010028,မိတ္ထီလာ,MMR010028013,တပျော်,193724,မကျီးတန်း
MMR0100,MMR010028,မိတ္ထီလာ,MMR010028013,တပျော်,193728,တမာပင်
MMR0100,MMR010028,မိတ္ထီလာ,MMR010028013,တပျော်,193723,တပျော်
MMR0100,MMR010028,မိတ္ထီလာ,MMR010028013,တပျော်,193730,သဲတော
MMR0100,MMR010028,မိတ္ထီလာ,MMR010028034,တောမ,193895,ချောက်ပင်
MMR0100,MMR010028,မိတ္ထီလာ,MMR010028034,တောမ,193892,လက်ပန်ခေါင်း
MMR0100,MMR010028,မိတ္ထီလာ,MMR010028034,တောမ,193891,မကျီးပင်စု
MMR0100,MMR010028,မိတ္ထီလာ,MMR010028034,တောမ,193889,ပန်းတော်ဆက်
MMR0100,MMR010028,မိတ္ထီလာ,MMR010028034,တောမ,193893,ပေါက်ပင်သာ
MMR0100,MMR010028,မိတ္ထီလာ,MMR010028034,တောမ,193896,ပြည်တော်သာ
MMR0100,MMR010028,မိတ္ထီလာ,MMR010028034,တောမ,193887,တောမ
MMR0100,MMR010028,မိတ္ထီလာ,MMR010028034,တောမ,193890,ဥယျာဉ်
MMR0100,MMR010028,မိတ္ထီလာ,MMR010028034,တောမ,193888,ရေချို
MMR0100,MMR010028,မိတ္ထီလာ,MMR010028034,တောမ,193894,ရွာသစ်
MMR0100,MMR010028,မိတ္ထီလာ,MMR010028033,ထမုံကန်,193883,ဂုန်ကုန်း
MMR0100,MMR010028,မိတ္ထီလာ,MMR010028033,ထမုံကန်,193879,ထမုံကန်
MMR0100,MMR010028,မိတ္ထီလာ,MMR010028033,ထမုံကန်,193884,တောင်ထမုံကန်
MMR0100,MMR010028,မိတ္ထီလာ,MMR010028033,ထမုံကန်,193882,ကုလားကုန်း
MMR0100,MMR010028,မိတ္ထီလာ,MMR010028033,ထမုံကန်,193880,ညောင်ပင်သာ
MMR0100,MMR010028,မိတ္ထီလာ,MMR010028033,ထမုံကန်,193881,အုပ်ကျင်း
MMR0100,MMR010028,မိတ္ထီလာ,MMR010028033,ထမုံကန်,193885,ရွှေဒေါင်
MMR0100,MMR010028,မိတ္ထီလာ,MMR010028033,ထမုံကန်,193886,ဥယျာဉ်ကုန်း
MMR0100,MMR010028,မိတ္ထီလာ,MMR010028047,ပျဉ်သာ,193962,ကျိတ်ပလဲ
MMR0100,MMR010028,မိတ္ထီလာ,MMR010028047,ပျဉ်သာ,193961,ပျဉ်သာ
MMR0100,MMR010028,မိတ္ထီလာ,MMR010028047,ပျဉ်သာ,193963,သဲကုန်း
MMR0100,MMR010028,မိတ္ထီလာ,MMR010028054,မကြီးစု,193995,ကန်နီ
MMR0100,MMR010028,မိတ္ထီလာ,MMR010028054,မကြီးစု,193992,မကြီးစု
MMR0100,MMR010028,မိတ္ထီလာ,MMR010028054,မကြီးစု,193996,မြေနီကုန်း
MMR0100,MMR010028,မိတ္ထီလာ,MMR010028054,မကြီးစု,193994,ညောင်ကုန်း
MMR0100,MMR010028,မိတ္ထီလာ,MMR010028054,မကြီးစု,193993,ပျဉ်သာ
MMR0100,MMR010028,မိတ္ထီလာ,MMR010028031,မြင်းကန်,193870,အိုင့်
MMR0100,MMR010028,မိတ္ထီလာ,MMR010028031,မြင်းကန်,193874,ထနောင်းကုန်း
MMR0100,MMR010028,မိတ္ထီလာ,MMR010028031,မြင်းကန်,193872,မြိုင်သာ
MMR0100,MMR010028,မိတ္ထီလာ,MMR010028031,မြင်းကန်,193867,မြင်းကန်
MMR0100,MMR010028,မိတ္ထီလာ,MMR010028031,မြင်းကန်,193873,ဆည်ကုန်း
MMR0100,MMR010028,မိတ္ထီလာ,MMR010028031,မြင်းကန်,193869,ဆင်စလွယ်
MMR0100,MMR010028,မိတ္ထီလာ,MMR010028031,မြင်းကန်,193868,သနပ်အိုင့်
MMR0100,MMR010028,မိတ္ထီလာ,MMR010028031,မြင်းကန်,193871,ဝက်ကုန်း
MMR0100,MMR010028,မိတ္ထီလာ,MMR010028045,မြာ,193956,ထန်းတောလေး
MMR0100,MMR010028,မိတ္ထီလာ,MMR010028045,မြာ,193951,မြာ
MMR0100,MMR010028,မိတ္ထီလာ,MMR010028045,မြာ,193955,နတ်ကြီးကုန်း
MMR0100,MMR010028,မိတ္ထီလာ,MMR010028045,မြာ,193953,ရှမ်းတဲ
MMR0100,MMR010028,မိတ္ထီလာ,MMR010028045,မြာ,193954,တဲကြီးကုန်း
MMR0100,MMR010028,မိတ္ထီလာ,MMR010028045,မြာ,193952,ရေဝေ
MMR0100,MMR010028,မိတ္ထီလာ,MMR010028020,မြောက်လည်,193773,ဂွေးကုန်း
MMR0100,MMR010028,မိတ္ထီလာ,MMR010028020,မြောက်လည်,193770,ထိန်ကန်
MMR0100,MMR010028,မိတ္ထီလာ,MMR010028020,မြောက်လည်,193775,ထိန်လည်
MMR0100,MMR010028,မိတ္ထီလာ,MMR010028020,မြောက်လည်,193772,ကြိုးစု
MMR0100,MMR010028,မိတ္ထီလာ,MMR010028020,မြောက်လည်,193769,မြောက်လည်
MMR0100,MMR010028,မိတ္ထီလာ,MMR010028020,မြောက်လည်,193776,အိုးအိုင်ကုန်း
MMR0100,MMR010028,မိတ္ထီလာ,MMR010028020,မြောက်လည်,193774,သရက်တန်း
MMR0100,MMR010028,မိတ္ထီလာ,MMR010028020,မြောက်လည်,193771,သိမ်ကုံး
MMR0100,MMR010028,မိတ္ထီလာ,MMR010028020,မြောက်လည်,193777,ရေငံ (အနောက်)
MMR0100,MMR010028,မိတ္ထီလာ,MMR010028007,မွေ,193685,ချောင်းနား
MMR0100,MMR010028,မိတ္ထီလာ,MMR010028007,မွေ,193683,ထန်းတော
MMR0100,MMR010028,မိတ္ထီလာ,MMR010028007,မွေ,193681,မကျီးပင်တဲ
MMR0100,MMR010028,မိတ္ထီလာ,MMR010028007,မွေ,193680,မွေ
MMR0100,MMR010028,မိတ္ထီလာ,MMR010028007,မွေ,193682,ညောင်ပင်
MMR0100,MMR010028,မိတ္ထီလာ,MMR010028007,မွေ,193686,အိုမတွေ့
MMR0100,MMR010028,မိတ္ထီလာ,MMR010028007,မွေ,193687,စည်ပင်သာ
MMR0100,MMR010028,မိတ္ထီလာ,MMR010028007,မွေ,193684,ဥယျာဉ်
MMR0100,MMR010028,မိတ္ထီလာ,MMR010028701,မိတ္ထီလာ,MMR010028701505,အရှေ့ပြင်ရပ်ကွက်
MMR0100,MMR010028,မိတ္ထီလာ,MMR010028701,မိတ္ထီလာ,MMR010028701501,အောင်ဆန်းရပ်ကွက်
MMR0100,MMR010028,မိတ္ထီလာ,MMR010028701,မိတ္ထီလာ,MMR010028701507,အောင်ဇေယျာရပ်ကွက်
MMR0100,MMR010028,မိတ္ထီလာ,MMR010028701,မိတ္ထီလာ,MMR010028701512,ချည်စက်ရပ်ကွက်
MMR0100,MMR010028,မိတ္ထီလာ,MMR010028701,မိတ္ထီလာ,MMR010028701510,ကြည်တော်ကုန်းရပ်ကွက်
MMR0100,MMR010028,မိတ္ထီလာ,MMR010028701,မိတ္ထီလာ,MMR010028701504,မြို့မရပ်ကွက်
MMR0100,MMR010028,မိတ္ထီလာ,MMR010028701,မိတ္ထီလာ,MMR010028701503,နန်းတော်ကုန်းရပ်ကွက်
MMR0100,MMR010028,မိတ္ထီလာ,MMR010028701,မိတ္ထီလာ,MMR010028701502,ပေါက်ချောင်းရပ်ကွက်
MMR0100,MMR010028,မိတ္ထီလာ,MMR010028701,မိတ္ထီလာ,MMR010028701514,ပြည်သာယာရပ်ကွက် (မြောက်)
MMR0100,MMR010028,မိတ္ထီလာ,MMR010028701,မိတ္ထီလာ,MMR010028701513,ပြည်သာယာရပ်ကွက် (တောင်)
MMR0100,MMR010028,မိတ္ထီလာ,MMR010028701,မိတ္ထီလာ,MMR010028701511,သီရိမင်္ဂလာရပ်ကွက်
MMR0100,MMR010028,မိတ္ထီလာ,MMR010028701,မိတ္ထီလာ,MMR010028701508,ဝန်းဇင်းရပ်ကွက်
MMR0100,MMR010028,မိတ္ထီလာ,MMR010028701,မိတ္ထီလာ,MMR010028701506,ရတနာမာန်အောင်ရပ်ကွက်
MMR0100,MMR010028,မိတ္ထီလာ,MMR010028701,မိတ္ထီလာ,MMR010028701509,ရန်မျိုးအောင်ရပ်ကွက်
MMR0100,MMR010028,မိတ္ထီလာ,MMR010028016,မုန်တိုင်,193745,ဖလန်ကျင်း
MMR0100,MMR010028,မိတ္ထီလာ,MMR010028016,မုန်တိုင်,218401,ထန်းချောင်းတော
MMR0100,MMR010028,မိတ္ထီလာ,MMR010028016,မုန်တိုင်,193748,ခံပင်အိုင့်
MMR0100,MMR010028,မိတ္ထီလာ,MMR010028016,မုန်တိုင်,193749,လဲတော
MMR0100,MMR010028,မိတ္ထီလာ,MMR010028016,မုန်တိုင်,193744,မုန်တိုင်
MMR0100,MMR010028,မိတ္ထီလာ,MMR010028016,မုန်တိုင်,193746,ညောင်ပင်သာ
MMR0100,MMR010028,မိတ္ထီလာ,MMR010028016,မုန်တိုင်,193747,သရက်ခြံ
MMR0100,MMR010028,မိတ္ထီလာ,MMR010028049,မောက်လောက်,193967,မောက်လောက်
MMR0100,MMR010028,မိတ္ထီလာ,MMR010028028,ရွှေပဒိုင်,193843,အောင်ပင်သာ
MMR0100,MMR010028,မိတ္ထီလာ,MMR010028028,ရွှေပဒိုင်,193844,အောင်သာ
MMR0100,MMR010028,မိတ္ထီလာ,MMR010028028,ရွှေပဒိုင်,193846,အင်းကံ
MMR0100,MMR010028,မိတ္ထီလာ,MMR010028028,ရွှေပဒိုင်,193845,ကောင်းမူကံ
MMR0100,MMR010028,မိတ္ထီလာ,MMR010028028,ရွှေပဒိုင်,193842,ရွှေပဒိုင်
MMR0100,MMR010028,မိတ္ထီလာ,MMR010028028,ရွှေပဒိုင်,193847,ရွှေပဒိုင် (အရှေ့)
MMR0100,MMR010028,မိတ္ထီလာ,MMR010028057,ရှမ်းတဲ,194008,ဂွေးကုန်း
MMR0100,MMR010028,မိတ္ထီလာ,MMR010028057,ရှမ်းတဲ,194007,ထိန်တောအိုင်
MMR0100,MMR010028,မိတ္ထီလာ,MMR010028057,ရှမ်းတဲ,194009,ကုက္ကိုပင်
MMR0100,MMR010028,မိတ္ထီလာ,MMR010028057,ရှမ်းတဲ,194011,ဆည်ကြား
MMR0100,MMR010028,မိတ္ထီလာ,MMR010028057,ရှမ်းတဲ,194006,ရှမ်းတဲ
MMR0100,MMR010028,မိတ္ထီလာ,MMR010028057,ရှမ်းတဲ,194010,ရွာသာအေး
MMR0100,MMR010028,မိတ္ထီလာ,MMR010028057,ရှမ်းတဲ,194012,ရွာသစ်
MMR0100,MMR010028,မိတ္ထီလာ,MMR010028037,ရုန်းတောကြီး,193903,ရုန်းတောကြီး
MMR0100,MMR010028,မိတ္ထီလာ,MMR010028037,ရုန်းတောကြီး,193904,ရုန်းတောလေး
MMR0100,MMR010028,မိတ္ထီလာ,MMR010028014,ရေဝေ,193739,ထန်းတော
MMR0100,MMR010028,မိတ္ထီလာ,MMR010028014,ရေဝေ,193734,အင်းမ
MMR0100,MMR010028,မိတ္ထီလာ,MMR010028014,ရေဝေ,218400,အင်းပင်ဝ
MMR0100,MMR010028,မိတ္ထီလာ,MMR010028014,ရေဝေ,193735,ကန်သာ
MMR0100,MMR010028,မိတ္ထီလာ,MMR010028014,ရေဝေ,193738,ကျောက်အိုး
MMR0100,MMR010028,မိတ္ထီလာ,MMR010028014,ရေဝေ,193740,ညောင်ကုန်း
MMR0100,MMR010028,မိတ္ထီလာ,MMR010028014,ရေဝေ,193733,ရေဝေ
MMR0100,MMR010028,မိတ္ထီလာ,MMR010028014,ရေဝေ,193737,ရွာသစ်
MMR0100,MMR010028,မိတ္ထီလာ,MMR010028053,လျှော်ဖြူကန်,193988,လျှော်ဖြူကန်
MMR0100,MMR010028,မိတ္ထီလာ,MMR010028053,လျှော်ဖြူကန်,193990,ကန်တိုင်ပေါက်
MMR0100,MMR010028,မိတ္ထီလာ,MMR010028053,လျှော်ဖြူကန်,193991,ကွမ်းခြံကုန်း
MMR0100,MMR010028,မိတ္ထီလာ,MMR010028053,လျှော်ဖြူကန်,193989,သာစည်
MMR0100,MMR010028,မိတ္ထီလာ,MMR010028048,လှည်းပွဲ,193964,လှည်းပွဲ
MMR0100,MMR010028,မိတ္ထီလာ,MMR010028048,လှည်းပွဲ,193966,ညောင်ပင်သာ
MMR0100,MMR010028,မိတ္ထီလာ,MMR010028048,လှည်းပွဲ,193965,သဲတော
MMR0100,MMR010028,မိတ္ထီလာ,MMR010028003,လိန်တော,193655,အံ့ထူး
MMR0100,MMR010028,မိတ္ထီလာ,MMR010028003,လိန်တော,193652,ကျောင်းရာကန်
MMR0100,MMR010028,မိတ္ထီလာ,MMR010028003,လိန်တော,193651,လိန်တော
MMR0100,MMR010028,မိတ္ထီလာ,MMR010028003,လိန်တော,193653,ဆည်
MMR0100,MMR010028,မိတ္ထီလာ,MMR010028055,ဝါးရုံ,193999,အိုင်ကြီးလည်
MMR0100,MMR010028,မိတ္ထီလာ,MMR010028055,ဝါးရုံ,193998,ဖိုးမိုးကြီးကုန်း
MMR0100,MMR010028,မိတ္ထီလာ,MMR010028055,ဝါးရုံ,194000,အင်အုန်း
MMR0100,MMR010028,မိတ္ထီလာ,MMR010028055,ဝါးရုံ,193997,ဝါးရုံ
MMR0100,MMR010028,မိတ္ထီလာ,MMR010028017,သရက်ပင်,193750,အိုင့်ကုန်း
MMR0100,MMR010028,မိတ္ထီလာ,MMR010028017,သရက်ပင်,193754,ကျီးသာအိုင့်
MMR0100,MMR010028,မိတ္ထီလာ,MMR010028017,သရက်ပင်,193751,ဆပ်ပျာကျင်း
MMR0100,MMR010028,မိတ္ထီလာ,MMR010028017,သရက်ပင်,193752,သရက်ပင် (အရှေ့)
MMR0100,MMR010028,မိတ္ထီလာ,MMR010028017,သရက်ပင်,193753,သရက်ပင် (အနောက်)
MMR0100,MMR010028,မိတ္ထီလာ,MMR010028022,သီးကုန်း,193788,ထုံးအိုင်
MMR0100,MMR010028,မိတ္ထီလာ,MMR010028022,သီးကုန်း,193790,ကြက်တက်ပင်
MMR0100,MMR010028,မိတ္ထီလာ,MMR010028022,သီးကုန်း,193789,မကြီးချို
MMR0100,MMR010028,မိတ္ထီလာ,MMR010028022,သီးကုန်း,193787,သီးကုန်း
MMR0100,MMR010028,မိတ္ထီလာ,MMR010028021,သီးပင်ကုန်း,193782,ထနောင်ပင်တဲ
MMR0100,MMR010028,မိတ္ထီလာ,MMR010028021,သီးပင်ကုန်း,193784,အင်ပင်ဝ
MMR0100,MMR010028,မိတ္ထီလာ,MMR010028021,သီးပင်ကုန်း,193780,ကုန်းတန်းကျောင်း
MMR0100,MMR010028,မိတ္ထီလာ,MMR010028021,သီးပင်ကုန်း,193781,ကျီကုန်း
MMR0100,MMR010028,မိတ္ထီလာ,MMR010028021,သီးပင်ကုန်း,193783,ပန်းဒွေး
MMR0100,MMR010028,မိတ္ထီလာ,MMR010028021,သီးပင်ကုန်း,193785,တဲကြီးကုန်း
MMR0100,MMR010028,မိတ္ထီလာ,MMR010028021,သီးပင်ကုန်း,193786,သာစည်
MMR0100,MMR010028,မိတ္ထီလာ,MMR010028021,သီးပင်ကုန်း,193778,သီးပင်ကုန်း
MMR0100,MMR010028,မိတ္ထီလာ,MMR010028027,အင်း,193834,အင်း
MMR0100,MMR010028,မိတ္ထီလာ,MMR010028027,အင်း,193836,ကုတော်
MMR0100,MMR010028,မိတ္ထီလာ,MMR010028027,အင်း,193839,ကျားထူး (မြောက်)
MMR0100,MMR010028,မိတ္ထီလာ,MMR010028027,အင်း,193840,ကျားထူး (တောင်)
MMR0100,MMR010028,မိတ္ထီလာ,MMR010028027,အင်း,193838,ကြာပင်အင်း
MMR0100,MMR010028,မိတ္ထီလာ,MMR010028027,အင်း,193837,လွန်ငင်
MMR0100,MMR010028,မိတ္ထီလာ,MMR010028027,အင်း,193835,မုန်တော
MMR0100,MMR010028,မိတ္ထီလာ,MMR010028027,အင်း,193841,အုပ်ရှစ်ကုန်း
MMR0100,MMR010028,မိတ္ထီလာ,MMR010028023,အလည်,193791,အလည်
MMR0100,MMR010028,မိတ္ထီလာ,MMR010028023,အလည်,193796,ထုံးအိုင်
MMR0100,MMR010028,မိတ္ထီလာ,MMR010028023,အလည်,193802,အင်ကျင်းကုန်း
MMR0100,MMR010028,မိတ္ထီလာ,MMR010028023,အလည်,193803,ကုက္ကိုကျင်း
MMR0100,MMR010028,မိတ္ထီလာ,MMR010028023,အလည်,193799,ကုန်းသာ
MMR0100,MMR010028,မိတ္ထီလာ,MMR010028023,အလည်,193795,နွားစာငုတ်
MMR0100,MMR010028,မိတ္ထီလာ,MMR010028023,အလည်,193793,ပျော်ကုန်း
MMR0100,MMR010028,မိတ္ထီလာ,MMR010028023,အလည်,193792,ဆည်ကုန်း
MMR0100,MMR010028,မိတ္ထီလာ,MMR010028023,အလည်,193800,ဆွာတော
MMR0100,MMR010028,မိတ္ထီလာ,MMR010028023,အလည်,193801,သီးပင်ကုန်း
MMR0100,MMR010028,မိတ္ထီလာ,MMR010028023,အလည်,193798,သီတပ်ကန် (မြောက်)
MMR0100,MMR010028,မိတ္ထီလာ,MMR010028023,အလည်,193794,တည်ပင်ကုန်း
MMR0100,MMR010028,မိတ္ထီလာ,MMR010028023,အလည်,193797,ရေငံ (အရှေ့)
MMR0100,MMR010028,မိတ္ထီလာ,MMR010028011,အိုင့်ကြီးလည်,193709,အိုင့်ကြီးလည်
MMR0100,MMR010028,မိတ္ထီလာ,MMR010028011,အိုင့်ကြီးလည်,221125,ဖိုးပျော့တော
MMR0100,MMR010029,မလှိုင်,MMR010029020,ကံကြီး,194123,အလယ်ချောင် (မြောက်)
MMR0100,MMR010029,မလှိုင်,MMR010029020,ကံကြီး,194122,အလယ်ချောင် (တောင်)
MMR0100,MMR010029,မလှိုင်,MMR010029020,ကံကြီး,194121,ကံကြီး (မြောက်)
MMR0100,MMR010029,မလှိုင်,MMR010029020,ကံကြီး,194120,ကံကြီး (တောင်)
MMR0100,MMR010029,မလှိုင်,MMR010029020,ကံကြီး,194127,ကျောင်းစု (အနောက်)
MMR0100,MMR010029,မလှိုင်,MMR010029020,ကံကြီး,194124,ကျော်ခေါင်
MMR0100,MMR010029,မလှိုင်,MMR010029020,ကံကြီး,194126,မျက်သီးကျင်း (မြောက်)
MMR0100,MMR010029,မလှိုင်,MMR010029020,ကံကြီး,194125,ရွာသစ်ကလေး
MMR0100,MMR010029,မလှိုင်,MMR010029010,ကုန်းတဲ,194075,ကုန်းတဲ (မြောက်)
MMR0100,MMR010029,မလှိုင်,MMR010029010,ကုန်းတဲ,194074,ကုန်းတဲ (တောင်)
MMR0100,MMR010029,မလှိုင်,MMR010029010,ကုန်းတဲ,194076,ကျင်းသာ (အရှေ့)
MMR0100,MMR010029,မလှိုင်,MMR010029010,ကုန်းတဲ,194077,ကျင်းသာ (အနောက်)
MMR0100,MMR010029,မလှိုင်,MMR010029021,ကူကြီး,194130,ခုနှစ်ချက်
MMR0100,MMR010029,မလှိုင်,MMR010029021,ကူကြီး,194128,ကူကြီး
MMR0100,MMR010029,မလှိုင်,MMR010029021,ကူကြီး,194133,မျက်သီးကျင်း (တောင်)
MMR0100,MMR010029,မလှိုင်,MMR010029021,ကူကြီး,194131,သရက္ကန်
MMR0100,MMR010029,မလှိုင်,MMR010029021,ကူကြီး,194132,ယာကြီးတော
MMR0100,MMR010029,မလှိုင်,MMR010029021,ကူကြီး,194129,ရွာသစ်
MMR0100,MMR010029,မလှိုင်,MMR010029001,ထန်းတော,194022,ထန်းတော
MMR0100,MMR010029,မလှိုင်,MMR010029001,ထန်းတော,194023,မုံပင်လေး
MMR0100,MMR010029,မလှိုင်,MMR010029001,ထန်းတော,194024,အုပ်ကျင်း
MMR0100,MMR010029,မလှိုင်,MMR010029013,ထန်းပင်ကန်,194087,ထန်းပင်ကန်
MMR0100,MMR010029,မလှိုင်,MMR010029013,ထန်းပင်ကန်,194088,ညောင်ပင်တဲ
MMR0100,MMR010029,မလှိုင်,MMR010029016,ထမ္မကြီး,194102,ကြိုးကြာဥ
MMR0100,MMR010029,မလှိုင်,MMR010029016,ထမ္မကြီး,194099,ထမ္မကြီး
MMR0100,MMR010029,မလှိုင်,MMR010029016,ထမ္မကြီး,194100,မင်း
MMR0100,MMR010029,မလှိုင်,MMR010029016,ထမ္မကြီး,194101,မြိုင်သာ
MMR0100,MMR010029,မလှိုင်,MMR010029024,နတ်စဉ်ကုန်း,194145,ကံ
MMR0100,MMR010029,မလှိုင်,MMR010029024,နတ်စဉ်ကုန်း,194146,ကံသစ်ကြီး
MMR0100,MMR010029,မလှိုင်,MMR010029024,နတ်စဉ်ကုန်း,194142,နတ်စဉ်ကုန်း
MMR0100,MMR010029,မလှိုင်,MMR010029024,နတ်စဉ်ကုန်း,194144,ငါးတပုံ (မြောက်)
MMR0100,MMR010029,မလှိုင်,MMR010029024,နတ်စဉ်ကုန်း,194143,ငါးတပုံ (တောင်)
MMR0100,MMR010029,မလှိုင်,MMR010029015,ဖက်ကုန်း,194096,ဖက်ကုန်း
MMR0100,MMR010029,မလှိုင်,MMR010029015,ဖက်ကုန်း,194098,သရက္ကန်
MMR0100,MMR010029,မလှိုင်,MMR010029015,ဖက်ကုန်း,194097,ကူနီ
MMR0100,MMR010029,မလှိုင်,MMR010029026,မြင်းတွင်း,194153,ဘဏ္ဍာစိုး
MMR0100,MMR010029,မလှိုင်,MMR010029026,မြင်းတွင်း,194151,မြင်းတွင်း
MMR0100,MMR010029,မလှိုင်,MMR010029026,မြင်းတွင်း,194152,ညောင်ကန်
MMR0100,MMR010029,မလှိုင်,MMR010029701,မလှိုင်,MMR010029701501,အမှတ် (၁) ရပ်ကွက်
MMR0100,MMR010029,မလှိုင်,MMR010029701,မလှိုင်,MMR010029701502,အမှတ် (၂) ရပ်ကွက်
MMR0100,MMR010029,မလှိုင်,MMR010029701,မလှိုင်,MMR010029701503,အမှတ် (၃) ရပ်ကွက်
MMR0100,MMR010029,မလှိုင်,MMR010029701,မလှိုင်,MMR010029701504,အမှတ် (၄) ရပ်ကွက်
MMR0100,MMR010029,မလှိုင်,MMR010029014,မှရိုး,194089,မှရိုး
MMR0100,MMR010029,မလှိုင်,MMR010029014,မှရိုး,194094,ကံသစ်
MMR0100,MMR010029,မလှိုင်,MMR010029014,မှရိုး,194095,ကူခွဲ
MMR0100,MMR010029,မလှိုင်,MMR010029014,မှရိုး,194091,ကျွဲကျောင်း (မြောက်)
MMR0100,MMR010029,မလှိုင်,MMR010029014,မှရိုး,194090,ကျွဲကျောင်း (တောင်)
MMR0100,MMR010029,မလှိုင်,MMR010029014,မှရိုး,194093,မကျည်းကန် (မြောက်)
MMR0100,MMR010029,မလှိုင်,MMR010029014,မှရိုး,194092,မကျည်းကန် (တောင်)
MMR0100,MMR010029,မလှိုင်,MMR010029017,ရွာသစ်,194105,မကျည်းကုန်း
MMR0100,MMR010029,မလှိုင်,MMR010029017,ရွာသစ်,194104,ညဏ်ကန်
MMR0100,MMR010029,မလှိုင်,MMR010029017,ရွာသစ်,194103,ရွာသစ်
MMR0100,MMR010029,မလှိုင်,MMR010029022,ရုံးတော,194137,ကျောင်းစု (အရှေ့)
MMR0100,MMR010029,မလှိုင်,MMR010029022,ရုံးတော,194136,ကျင်းသာ
MMR0100,MMR010029,မလှိုင်,MMR010029022,ရုံးတော,194135,ပြူကန်
MMR0100,MMR010029,မလှိုင်,MMR010029022,ရုံးတော,194134,ရုံးတော
MMR0100,MMR010029,မလှိုင်,MMR010029050,ရေချိုဘူတာ,194254,ဆည်ကြီး
MMR0100,MMR010029,မလှိုင်,MMR010029050,ရေချိုဘူတာ,194255,သပြေပင်
MMR0100,MMR010029,မလှိုင်,MMR010029050,ရေချိုဘူတာ,194253,ရေချိုဘူတာ
MMR0100,MMR010029,မလှိုင်,MMR010029011,လယ်ကြီး,194080,ဖောင်ရိုးတော
MMR0100,MMR010029,မလှိုင်,MMR010029011,လယ်ကြီး,194081,ကြာကန်
MMR0100,MMR010029,မလှိုင်,MMR010029011,လယ်ကြီး,194078,လယ်ကြီး
MMR0100,MMR010029,မလှိုင်,MMR010029011,လယ်ကြီး,194079,ရွာတန်း
MMR0100,MMR010029,မလှိုင်,MMR010029025,ဝါးခွ,194150,ဘောလှိုင်
MMR0100,MMR010029,မလှိုင်,MMR010029025,ဝါးခွ,194149,ကံစွယ်
MMR0100,MMR010029,မလှိုင်,MMR010029025,ဝါးခွ,194148,ညောင်ပင်
MMR0100,MMR010029,မလှိုင်,MMR010029025,ဝါးခွ,194147,ဝါးခွ
MMR0100,MMR010029,မလှိုင်,MMR010029018,သဘွတ်ကုန်း,194110,လယ်တာကောင်း (မြောက်)
MMR0100,MMR010029,မလှိုင်,MMR010029018,သဘွတ်ကုန်း,194109,လယ်တာကောင်း (တောင်)
MMR0100,MMR010029,မလှိုင်,MMR010029018,သဘွတ်ကုန်း,194111,ဆည်တော
MMR0100,MMR010029,မလှိုင်,MMR010029018,သဘွတ်ကုန်း,194113,ရွှေစုခင်
MMR0100,MMR010029,မလှိုင်,MMR010029018,သဘွတ်ကုန်း,194107,သဘွတ်ကုန်း (မြောက်)
MMR0100,MMR010029,မလှိုင်,MMR010029018,သဘွတ်ကုန်း,194106,သဘွတ်ကုန်း (တောင်)
MMR0100,MMR010029,မလှိုင်,MMR010029018,သဘွတ်ကုန်း,194112,သန်းကုန်း
MMR0100,MMR010029,မလှိုင်,MMR010029018,သဘွတ်ကုန်း,194108,ရေကမိုး
MMR0100,MMR010029,မလှိုင်,MMR010029012,သိမ်ကုန်း,194086,အိုင်သာ
MMR0100,MMR010029,မလှိုင်,MMR010029012,သိမ်ကုန်း,194085,အောင်စည်
MMR0100,MMR010029,မလှိုင်,MMR010029012,သိမ်ကုန်း,194084,ဖက်တော
MMR0100,MMR010029,မလှိုင်,MMR010029012,သိမ်ကုန်း,194083,သိမ်ကုန်း (မြောက်)
MMR0100,MMR010029,မလှိုင်,MMR010029012,သိမ်ကုန်း,194082,သိမ်ကုန်း (တောင်)
MMR0100,MMR010029,မလှိုင်,MMR010029023,အုပ်ဖိုကန်,194139,ကျင်း
MMR0100,MMR010029,မလှိုင်,MMR010029023,အုပ်ဖိုကန်,194141,အုန်းနှဲစု
MMR0100,MMR010029,မလှိုင်,MMR010029023,အုပ်ဖိုကန်,194138,အုပ်ဖိုကန်
MMR0100,MMR010029,မလှိုင်,MMR010029023,အုပ်ဖိုကန်,194140,တောင်ကုန်း
MMR0100,MMR010030,သာစည်,MMR010030051,ကန့်ဖြူ,194408,အလယ်
MMR0100,MMR010030,သာစည်,MMR010030051,ကန့်ဖြူ,194406,ကန့်ဖြူ
MMR0100,MMR010030,သာစည်,MMR010030051,ကန့်ဖြူ,194407,တင်းတိန်ကန်
MMR0100,MMR010030,သာစည်,MMR010030023,ကန်ရှည်,194327,ကန်ရှည်
MMR0100,MMR010030,သာစည်,MMR010030023,ကန်ရှည်,194328,မောင်းမဆည်
MMR0100,MMR010030,သာစည်,MMR010030023,ကန်ရှည်,194330,မုန်တော
MMR0100,MMR010030,သာစည်,MMR010030023,ကန်ရှည်,194331,မြေစို
MMR0100,MMR010030,သာစည်,MMR010030023,ကန်ရှည်,194329,အုပ်ရှစ်ကုန်း
MMR0100,MMR010030,သာစည်,MMR010030015,ကန်သစ်,194302,ကန်သစ်
MMR0100,MMR010030,သာစည်,MMR010030015,ကန်သစ်,194303,ကြပ်တီး
MMR0100,MMR010030,သာစည်,MMR010030008,ကပ်ကျေးအင်း,194287,ကန်စွယ်
MMR0100,MMR010030,သာစည်,MMR010030008,ကပ်ကျေးအင်း,194286,ကပ်ကျေးအင်း
MMR0100,MMR010030,သာစည်,MMR010030018,ကျွဲတပ်ဆုံ,194312,ချောင်းစောက်ရိုး
MMR0100,MMR010030,သာစည်,MMR010030018,ကျွဲတပ်ဆုံ,194309,ဘုရားငါးဆူ (မြောက်)
MMR0100,MMR010030,သာစည်,MMR010030018,ကျွဲတပ်ဆုံ,194308,ဘုရားငါးဆူ (တောင်)
MMR0100,MMR010030,သာစည်,MMR010030018,ကျွဲတပ်ဆုံ,218406,ကိုင်းရိုး
MMR0100,MMR010030,သာစည်,MMR010030018,ကျွဲတပ်ဆုံ,194307,ကျွဲတပ်ဆုံ
MMR0100,MMR010030,သာစည်,MMR010030018,ကျွဲတပ်ဆုံ,194311,မုန်ပင်ဆုံ
MMR0100,MMR010030,သာစည်,MMR010030018,ကျွဲတပ်ဆုံ,194310,ဆူးပုတ်ကန်
MMR0100,MMR010030,သာစည်,MMR010030018,ကျွဲတပ်ဆုံ,194313,သူဌေးကုန်း
MMR0100,MMR010030,သာစည်,MMR010030034,ကျောက်ပနား,194350,ကျောက်ပနား
MMR0100,MMR010030,သာစည်,MMR010030034,ကျောက်ပနား,194351,သိမ်
MMR0100,MMR010030,သာစည်,MMR010030002,ကြက်မောက်,194272,ချမ်းသာကြီး
MMR0100,MMR010030,သာစည်,MMR010030002,ကြက်မောက်,194273,ကျောင်း
MMR0100,MMR010030,သာစည်,MMR010030002,ကြက်မောက်,194270,ကြက်မောက်
MMR0100,MMR010030,သာစည်,MMR010030002,ကြက်မောက်,194271,သာစည်လေး
MMR0100,MMR010030,သာစည်,MMR010030002,ကြက်မောက်,194274,ဇီးတော
MMR0100,MMR010030,သာစည်,MMR010030074,ကြပ်စခမ်း,194484,၃၇-မိုင်
MMR0100,MMR010030,သာစည်,MMR010030074,ကြပ်စခမ်း,194483,ကြပ်စခမ်း
MMR0100,MMR010030,သာစည်,MMR010030074,ကြပ်စခမ်း,194486,လည်ခေါင်း
MMR0100,MMR010030,သာစည်,MMR010030074,ကြပ်စခမ်း,194485,စဉ့်ကူး
MMR0100,MMR010030,သာစည်,MMR010030074,ကြပ်စခမ်း,218422,သစ်ပုလွေ
MMR0100,MMR010030,သာစည်,MMR010030011,ကြာဘက်ကုန်း,194294,ကြာဘက်ကုန်း
MMR0100,MMR010030,သာစည်,MMR010030011,ကြာဘက်ကုန်း,194296,ညောင်ကန်
MMR0100,MMR010030,သာစည်,MMR010030011,ကြာဘက်ကုန်း,194295,ပုန်းမဲဇာကုန်း
MMR0100,MMR010030,သာစည်,MMR010030001,ကွမ်းခြံရိုး,194269,ကွမ်းခြံရိုး
MMR0100,MMR010030,သာစည်,MMR010030052,ကုက္ကိုကန်,194410,ထနောင်းကုန်း
MMR0100,MMR010030,သာစည်,MMR010030052,ကုက္ကိုကန်,194409,ကုက္ကိုကန်
MMR0100,MMR010030,သာစည်,MMR010030052,ကုက္ကိုကန်,194411,ရှမ်း
MMR0100,MMR010030,သာစည်,MMR010030052,ကုက္ကိုကန်,218413,တောင်ပူစာ
MMR0100,MMR010030,သာစည်,MMR010030052,ကုက္ကိုကန်,194412,သက်သော့
MMR0100,MMR010030,သာစည်,MMR010030017,ကုက္ကိုစု,194306,ကုက္ကိုစု
MMR0100,MMR010030,သာစည်,MMR010030022,ကုန်းတောင်း,194326,ကုန်းတောင်း (မြောက်)
MMR0100,MMR010030,သာစည်,MMR010030022,ကုန်းတောင်း,194325,ကုန်းတောင်း (တောင်)
MMR0100,MMR010030,သာစည်,MMR010030022,ကုန်းတောင်း,194324,ကုန်းတောင်း (အနောက်)
MMR0100,MMR010030,သာစည်,MMR010030039,ငှက်ကြီးသိုက်,194370,ထနောင်းကန်
MMR0100,MMR010030,သာစည်,MMR010030039,ငှက်ကြီးသိုက်,194369,ထနောင်းကုန်း
MMR0100,MMR010030,သာစည်,MMR010030039,ငှက်ကြီးသိုက်,194371,ကျားသစ်ကန်
MMR0100,MMR010030,သာစည်,MMR010030039,ငှက်ကြီးသိုက်,194372,သံပွေ့
MMR0100,MMR010030,သာစည်,MMR010030010,ငှက်ဖျင်းကုန်း,194292,ငှက်ဖျင်းကုန်း
MMR0100,MMR010030,သာစည်,MMR010030010,ငှက်ဖျင်းကုန်း,194293,သမန်းကျား
MMR0100,MMR010030,သာစည်,MMR010030080,ဆင်တောင်,194510,ချောင်ချောက်
MMR0100,MMR010030,သာစည်,MMR010030080,ဆင်တောင်,194509,ခွေးရုပ်
MMR0100,MMR010030,သာစည်,MMR010030080,ဆင်တောင်,194507,ဆင်တောင်
MMR0100,MMR010030,သာစည်,MMR010030080,ဆင်တောင်,194508,စေတီတောင်
MMR0100,MMR010030,သာစည်,MMR010030068,ဆင်ဝင်,194464,ဆင်ဝင်
MMR0100,MMR010030,သာစည်,MMR010030003,ဆည်ကြီး,194276,ဆည်ကြီး (မြောက်)
MMR0100,MMR010030,သာစည်,MMR010030003,ဆည်ကြီး,194275,ဆည်ကြီး (တောင်)
MMR0100,MMR010030,သာစည်,MMR010030048,ဇဝင်း,194395,မြှောင်းဦး
MMR0100,MMR010030,သာစည်,MMR010030048,ဇဝင်း,194394,ဇဝင်း
MMR0100,MMR010030,သာစည်,MMR010030063,ဇီးတောအိုင်,194456,အောင်သာ
MMR0100,MMR010030,သာစည်,MMR010030063,ဇီးတောအိုင်,194457,ဖျောက်ဆိတ်ကုန်း
MMR0100,MMR010030,သာစည်,MMR010030063,ဇီးတောအိုင်,194454,မကျီးသမျှား
MMR0100,MMR010030,သာစည်,MMR010030063,ဇီးတောအိုင်,194455,သုံးပတ်လည်
MMR0100,MMR010030,သာစည်,MMR010030063,ဇီးတောအိုင်,194453,ဇီးတောအိုင်
MMR0100,MMR010030,သာစည်,MMR010030014,ဇီးပင်ပေါက်,194301,ဇီးပင်ပေါက်
MMR0100,MMR010030,သာစည်,MMR010030058,ညန်ကန်,194426,မောင်းတိုင်
MMR0100,MMR010030,သာစည်,MMR010030058,ညန်ကန်,194425,ညန်ကန်
MMR0100,MMR010030,သာစည်,MMR010030005,ညောင်တို,194280,ညောင်တို
MMR0100,MMR010030,သာစည်,MMR010030005,ညောင်တို,194281,ရုံးတော
MMR0100,MMR010030,သာစည်,MMR010030053,ညောင်ပင်လှ,194414,ညောင်ကုန်း
MMR0100,MMR010030,သာစည်,MMR010030053,ညောင်ပင်လှ,194413,ညောင်ပင်လှ
MMR0100,MMR010030,သာစည်,MMR010030035,ညောင်ပင်သာ,194356,အလှည့်
MMR0100,MMR010030,သာစည်,MMR010030035,ညောင်ပင်သာ,194355,ထန်းကန်
MMR0100,MMR010030,သာစည်,MMR010030035,ညောင်ပင်သာ,194357,ကျောက်ပုံကုန်း
MMR0100,MMR010030,သာစည်,MMR010030035,ညောင်ပင်သာ,194352,ညောင်ပင်သာ
MMR0100,MMR010030,သာစည်,MMR010030035,ညောင်ပင်သာ,194354,ညောင်ပင်ဝင်း
MMR0100,MMR010030,သာစည်,MMR010030035,ညောင်ပင်သာ,194353,တမာ
MMR0100,MMR010030,သာစည်,MMR010030060,ညောင်ရမ်းဈေး,194440,ကန်တော် (စည်ပင်သာယာ)
MMR0100,MMR010030,သာစည်,MMR010030060,ညောင်ရမ်းဈေး,194435,ကျောင်းကြီးကွက်သစ်
MMR0100,MMR010030,သာစည်,MMR010030060,ညောင်ရမ်းဈေး,194436,မင်္ဂလာ
MMR0100,MMR010030,သာစည်,MMR010030060,ညောင်ရမ်းဈေး,194431,မိုးညှင်းကုန်း
MMR0100,MMR010030,သာစည်,MMR010030060,ညောင်ရမ်းဈေး,194434,နတ်အင်း
MMR0100,MMR010030,သာစည်,MMR010030060,ညောင်ရမ်းဈေး,194430,ညောင်ရမ်းစျေး
MMR0100,MMR010030,သာစည်,MMR010030060,ညောင်ရမ်းဈေး,194432,ပျော့ကုန်း
MMR0100,MMR010030,သာစည်,MMR010030060,ညောင်ရမ်းဈေး,194441,ပြည်သူ့ရဲတပ်ဖွဲ့
MMR0100,MMR010030,သာစည်,MMR010030060,ညောင်ရမ်းဈေး,194439,တံတားဦး
MMR0100,MMR010030,သာစည်,MMR010030060,ညောင်ရမ်းဈေး,194433,သူဌေးကုန်း
MMR0100,MMR010030,သာစည်,MMR010030060,ညောင်ရမ်းဈေး,194437,ဥယျာဉ်
MMR0100,MMR010030,သာစည်,MMR010030060,ညောင်ရမ်းဈေး,194438,ရေအိုးစဉ်
MMR0100,MMR010030,သာစည်,MMR010030061,ညောင်ရမ်းမြို့မ,194445,အောင်မင်္ဂလာကွက်သစ်
MMR0100,MMR010030,သာစည်,MMR010030061,ညောင်ရမ်းမြို့မ,194444,လက်ထပ်ကုန်း
MMR0100,MMR010030,သာစည်,MMR010030061,ညောင်ရမ်းမြို့မ,194443,မြို့မတောင်စု
MMR0100,MMR010030,သာစည်,MMR010030061,ညောင်ရမ်းမြို့မ,194442,ညောင်ရမ်းမြို့မ
MMR0100,MMR010030,သာစည်,MMR010030061,ညောင်ရမ်းမြို့မ,194446,ပြည်တော်သာ
MMR0100,MMR010030,သာစည်,MMR010030043,ညောင်အိုင်,194381,ကန်းဘာမြင့်
MMR0100,MMR010030,သာစည်,MMR010030043,ညောင်အိုင်,194380,ညောင်အိုင်
MMR0100,MMR010030,သာစည်,MMR010030042,တမာကုန်း,194379,ခလပ်ကုန်း
MMR0100,MMR010030,သာစည်,MMR010030042,တမာကုန်း,194378,ကြီးကန်
MMR0100,MMR010030,သာစည်,MMR010030042,တမာကုန်း,194377,တမာကုန်း
MMR0100,MMR010030,သာစည်,MMR010030055,တောကင်း,194419,ထူးတွင်း
MMR0100,MMR010030,သာစည်,MMR010030055,တောကင်း,194417,တောကင်း
MMR0100,MMR010030,သာစည်,MMR010030055,တောကင်း,194420,သီးကုန်း
MMR0100,MMR010030,သာစည်,MMR010030055,တောကင်း,194418,ဇီးပင်ကွင်း
MMR0100,MMR010030,သာစည်,MMR010030027,နှမ်းကန်,194340,နှမ်းကန်
MMR0100,MMR010030,သာစည်,MMR010030073,ပြည်ညောင်,194481,ကူပြင်
MMR0100,MMR010030,သာစည်,MMR010030073,ပြည်ညောင်,194480,မုံပင်
MMR0100,MMR010030,သာစည်,MMR010030073,ပြည်ညောင်,194482,အုပ်ကျင်း
MMR0100,MMR010030,သာစည်,MMR010030073,ပြည်ညောင်,194478,ပြည်ညောင် (ကား)
MMR0100,MMR010030,သာစည်,MMR010030073,ပြည်ညောင်,194479,ပြည်ညောင် (ရထား)
MMR0100,MMR010030,သာစည်,MMR010030066,ပေါက်တော,194461,ပေါက်တော (အရှေ့)
MMR0100,MMR010030,သာစည်,MMR010030066,ပေါက်တော,194462,ပေါက်တော (အနောက်)
MMR0100,MMR010030,သာစည်,MMR010030036,ဘွဲ့ခြား,194358,ဘွဲ့ခြား
MMR0100,MMR010030,သာစည်,MMR010030036,ဘွဲ့ခြား,194359,ဂုံညှင်းနွယ်
MMR0100,MMR010030,သာစည်,MMR010030036,ဘွဲ့ခြား,194360,ကန်သစ်ကုန်း
MMR0100,MMR010030,သာစည်,MMR010030036,ဘွဲ့ခြား,194361,ရောက်ရိုး
MMR0100,MMR010030,သာစည်,MMR010030036,ဘွဲ့ခြား,194362,ရွာကုန်းကြီး
MMR0100,MMR010030,သာစည်,MMR010030006,ဘိုကုန်း,194282,ဘိုကုန်း
MMR0100,MMR010030,သာစည်,MMR010030006,ဘိုကုန်း,194283,ဘုရားလေးကုန်း
MMR0100,MMR010030,သာစည်,MMR010030044,ဘုရားကုန်း,194382,ဘုရားကုန်း
MMR0100,MMR010030,သာစည်,MMR010030044,ဘုရားကုန်း,194384,ရွှေလှန် (မြောက်)
MMR0100,MMR010030,သာစည်,MMR010030044,ဘုရားကုန်း,194383,ရွှေလှန် (တောင်)
MMR0100,MMR010030,သာစည်,MMR010030045,ဘူးရုံ,194385,ဘူးရုံ
MMR0100,MMR010030,သာစည်,MMR010030045,ဘူးရုံ,194388,ချောက်ခွဲ
MMR0100,MMR010030,သာစည်,MMR010030045,ဘူးရုံ,194387,ကူဖြူ
MMR0100,MMR010030,သာစည်,MMR010030045,ဘူးရုံ,194386,မကြီးကန်
MMR0100,MMR010030,သာစည်,MMR010030024,မကျီးကန်,194332,မကျီးကန်
MMR0100,MMR010030,သာစည်,MMR010030024,မကျီးကန်,194334,ပြွန်ကန်
MMR0100,MMR010030,သာစည်,MMR010030024,မကျီးကန်,194333,ဆံမြိတ်ရှည်
MMR0100,MMR010030,သာစည်,MMR010030071,မကျီးခွ,194470,ဘုန်းတလုပ်
MMR0100,MMR010030,သာစည်,MMR010030071,မကျီးခွ,194473,ချောင်းဆုံ
MMR0100,MMR010030,သာစည်,MMR010030071,မကျီးခွ,194472,အင်းဂနက် (မြောက်)
MMR0100,MMR010030,သာစည်,MMR010030071,မကျီးခွ,194471,အင်းဂနက် (တောင်)
MMR0100,MMR010030,သာစည်,MMR010030071,မကျီးခွ,194469,မကျီးခွ
MMR0100,MMR010030,သာစည်,MMR010030064,မကျီးရိုး,194458,မကျီးရိုး
MMR0100,MMR010030,သာစည်,MMR010030007,မင်းလှ,194284,မင်းလှ
MMR0100,MMR010030,သာစည်,MMR010030007,မင်းလှ,194285,အုတ်ကျင်း
MMR0100,MMR010030,သာစည်,MMR010030028,မရွေး,194341,မရွေး
MMR0100,MMR010030,သာစည်,MMR010030021,မြင်းကွက်,194323,ကရိုး
MMR0100,MMR010030,သာစည်,MMR010030021,မြင်းကွက်,194321,မြင်းကွက် (အရှေ့)
MMR0100,MMR010030,သာစည်,MMR010030021,မြင်းကွက်,194322,မြင်းကွက် (အနောက်)
MMR0100,MMR010030,သာစည်,MMR010030047,မြင်းခြံ,194393,လေသာကုန်း
MMR0100,MMR010030,သာစည်,MMR010030047,မြင်းခြံ,194392,မြင်းခြံ
MMR0100,MMR010030,သာစည်,MMR010030078,မြင်းဒိုက်,194500,အင်းဂေါင်း
MMR0100,MMR010030,သာစည်,MMR010030078,မြင်းဒိုက်,194499,ကန်ဘားနီ
MMR0100,MMR010030,သာစည်,MMR010030078,မြင်းဒိုက်,194498,မြင်းဒိုက်
MMR0100,MMR010030,သာစည်,MMR010030078,မြင်းဒိုက်,194502,တောင်ပွား
MMR0100,MMR010030,သာစည်,MMR010030078,မြင်းဒိုက်,194503,ရေအေး
MMR0100,MMR010030,သာစည်,MMR010030072,ယင်းမာပင်,194476,ကျောက်ဆည်ကွေ့
MMR0100,MMR010030,သာစည်,MMR010030072,ယင်းမာပင်,218415,မဒါန်း
MMR0100,MMR010030,သာစည်,MMR010030072,ယင်းမာပင်,194475,ပုပ္ပါးကုန်း
MMR0100,MMR010030,သာစည်,MMR010030072,ယင်းမာပင်,194477,ရေဘုတ်ဆုံ
MMR0100,MMR010030,သာစည်,MMR010030072,ယင်းမာပင်,194474,ယင်းမာပင်
MMR0100,MMR010030,သာစည်,MMR010030026,ရင်းမရိုး,194338,မဲတောလေး
MMR0100,MMR010030,သာစည်,MMR010030026,ရင်းမရိုး,194339,သဲပုတ်ကုန်း
MMR0100,MMR010030,သာစည်,MMR010030026,ရင်းမရိုး,194337,ရင်းမရိုး
MMR0100,MMR010030,သာစည်,MMR010030054,ရွှေတုတ်ကုန်း,194416,ဒဟတ်ကျင်း
MMR0100,MMR010030,သာစည်,MMR010030054,ရွှေတုတ်ကုန်း,194415,ရွှေတုတ်ကုန်း
MMR0100,MMR010030,သာစည်,MMR010030020,ရွာကြီး,194320,ရွာကြီး
MMR0100,MMR010030,သာစည်,MMR010030009,ရွာပုလဲ,194291,ကြည်တိုင်ကုန်း (မြောက်)
MMR0100,MMR010030,သာစည်,MMR010030009,ရွာပုလဲ,194290,ကြည်တိုင်ကုန်း (တောင်)
MMR0100,MMR010030,သာစည်,MMR010030009,ရွာပုလဲ,194288,ရွာပုလဲကြီး
MMR0100,MMR010030,သာစည်,MMR010030009,ရွာပုလဲ,194289,ရွာပုလဲလေး
MMR0100,MMR010030,သာစည်,MMR010030013,ရွာမွန်သာ,194300,ရွာမွန်သာ
MMR0100,MMR010030,သာစည်,MMR010030079,လယ်ပြင်,194504,လယ်ပြင်
MMR0100,MMR010030,သာစည်,MMR010030079,လယ်ပြင်,194506,ပင်မုန်း
MMR0100,MMR010030,သာစည်,MMR010030079,လယ်ပြင်,194505,ရေပူ
MMR0100,MMR010030,သာစည်,MMR010030019,လှိုင်းတက်,194314,လှိုင်းတက်
MMR0100,MMR010030,သာစည်,MMR010030019,လှိုင်းတက်,194316,ကန်ကြီးအောက်
MMR0100,MMR010030,သာစည်,MMR010030019,လှိုင်းတက်,218408,ကျောက်အိုး
MMR0100,MMR010030,သာစည်,MMR010030019,လှိုင်းတက်,218407,ကျောက်ပြားတောင်
MMR0100,MMR010030,သာစည်,MMR010030019,လှိုင်းတက်,194315,မယ်ဇလီကန်
MMR0100,MMR010030,သာစည်,MMR010030019,လှိုင်းတက်,194317,မင်းကုန်း
MMR0100,MMR010030,သာစည်,MMR010030019,လှိုင်းတက်,194318,ညောင်ကုန်း
MMR0100,MMR010030,သာစည်,MMR010030019,လှိုင်းတက်,194319,စိုက်ပျိုးရေး
MMR0100,MMR010030,သာစည်,MMR010030069,လူးကုန်း,194465,လူးကုန်း
MMR0100,MMR010030,သာစည်,MMR010030069,လူးကုန်း,194466,လူးကွဲ
MMR0100,MMR010030,သာစည်,MMR010030069,လူးကုန်း,194467,ရေလည်ကွေ့
MMR0100,MMR010030,သာစည်,MMR010030033,ဝက်တိုး,194349,ငသက်
MMR0100,MMR010030,သာစည်,MMR010030033,ဝက်တိုး,218410,​ရွှေတောင်
MMR0100,MMR010030,သာစည်,MMR010030033,ဝက်တိုး,194348,ဝက်တိုး
MMR0100,MMR010030,သာစည်,MMR010030040,ဝမ်းသာ,194374,ဒဟတ္တော
MMR0100,MMR010030,သာစည်,MMR010030040,ဝမ်းသာ,194373,ဝမ်းသာ
MMR0100,MMR010030,သာစည်,MMR010030050,သက္ကယ်ဒိတ်,194405,ဖိုးသံဒိုင်
MMR0100,MMR010030,သာစည်,MMR010030050,သက္ကယ်ဒိတ်,194404,မြက်နီကျင်း
MMR0100,MMR010030,သာစည်,MMR010030050,သက္ကယ်ဒိတ်,194403,သက္ကယ်ဒိတ်
MMR0100,MMR010030,သာစည်,MMR010030029,သနတ်ကန်,194342,သနတ်ကန်
MMR0100,MMR010030,သာစည်,MMR010030041,သပြေဝ,194376,မြို့ကြီးကုန်း
MMR0100,MMR010030,သာစည်,MMR010030041,သပြေဝ,194375,သပြေဝ
MMR0100,MMR010030,သာစည်,MMR010030016,သမင်ဇာကုန်း,194305,ကျောင်း
MMR0100,MMR010030,သာစည်,MMR010030016,သမင်ဇာကုန်း,194304,သမင်ဇာကုန်း
MMR0100,MMR010030,သာစည်,MMR010030057,သမန်းကန်,194424,ကြာကန်
MMR0100,MMR010030,သာစည်,MMR010030057,သမန်းကန်,194423,သမန်းကန်
MMR0100,MMR010030,သာစည်,MMR010030038,သာဂရ,194367,ဆည်ကြီး
MMR0100,MMR010030,သာစည်,MMR010030038,သာဂရ,194366,သာဂရ
MMR0100,MMR010030,သာစည်,MMR010030038,သာဂရ,194368,သုံးပါတ်လည်
MMR0100,MMR010030,သာစည်,MMR010030701,သာစည်,MMR010030701501,အမှတ် (၁) ရပ်ကွက်
MMR0100,MMR010030,သာစည်,MMR010030701,သာစည်,MMR010030701502,အမှတ် (၂) ရပ်ကွက်
MMR0100,MMR010030,သာစည်,MMR010030701,သာစည်,MMR010030701503,အမှတ် (၃) ရပ်ကွက်
MMR0100,MMR010030,သာစည်,MMR010030701,သာစည်,MMR010030701504,အမှတ် (၄) ရပ်ကွက်
MMR0100,MMR010030,သာစည်,MMR010030701,သာစည်,MMR010030701505,အမှတ် (၅) ရပ်ကွက်
MMR0100,MMR010030,သာစည်,MMR010030701,သာစည်,MMR010030701506,အမှတ် (၆) ရပ်ကွက်
MMR0100,MMR010030,သာစည်,MMR010030701,သာစည်,MMR010030701507,အမှတ် (၇) ရပ်ကွက်
MMR0100,MMR010030,သာစည်,MMR010030059,သူကောင်းကုန်း,194429,ထနောင်းကန်
MMR0100,MMR010030,သာစည်,MMR010030059,သူကောင်းကုန်း,194428,မင်းကံ့ကုန်း
MMR0100,MMR010030,သာစည်,MMR010030059,သူကောင်းကုန်း,194427,သူကောင်းကုန်း
MMR0100,MMR010030,သာစည်,MMR010030037,သဲပုံ,194365,သဲကုန်းလေး
MMR0100,MMR010030,သာစည်,MMR010030037,သဲပုံ,194363,သဲပုံ
MMR0100,MMR010030,သာစည်,MMR010030037,သဲပုံ,194364,ရင်ဇင်း
MMR0100,MMR010030,သာစည်,MMR010030032,ဟံဇား,194347,ဟံဇား
MMR0100,MMR010030,သာစည်,MMR010030070,ဟင်းဂွတ်အိုင်,194468,ဟင်းဂွတ်အိုင်
MMR0100,MMR010030,သာစည်,MMR010030067,အင်း,194463,အင်း
MMR0100,MMR010030,သာစည်,MMR010030065,အင်းကုန်း,194459,အင်းကုန်း
MMR0100,MMR010030,သာစည်,MMR010030065,အင်းကုန်း,194460,နွားထိုး
MMR0100,MMR010030,သာစည်,MMR010030030,အင်းဝင်း,194343,အင်းဝင်း
MMR0100,MMR010030,သာစည်,MMR010030030,အင်းဝင်း,194344,ကုက္ကိုပေါက်
MMR0100,MMR010030,သာစည်,MMR010030004,အပျောက်,194278,အနှောပင်
MMR0100,MMR010030,သာစည်,MMR010030004,အပျောက်,194279,အပျောက် (အရှေ့)
MMR0100,MMR010030,သာစည်,MMR010030004,အပျောက်,194277,အပျောက် (အနောက်)
MMR0100,MMR010030,သာစည်,MMR010030046,အလည်ကန်,194389,အလည်ကန်
MMR0100,MMR010030,သာစည်,MMR010030046,အလည်ကန်,194391,ဘိုတဲကုန်း
MMR0100,MMR010030,သာစည်,MMR010030046,အလည်ကန်,194390,သန်းတော
MMR0100,MMR010030,သာစည်,MMR010030046,အလည်ကန်,218412,သစ်စီးရေ
MMR0100,MMR010030,သာစည်,MMR010030031,အိုင်ဒွန်း,194345,အိုင်ဒွန်း
MMR0100,MMR010030,သာစည်,MMR010030031,အိုင်ဒွန်း,194346,ပေါက်ချောင်း
MMR0100,MMR010030,သာစည်,MMR010030049,အုတ်တွင်း,194400,အင်တိုင်းသာ
MMR0100,MMR010030,သာစည်,MMR010030049,အုတ်တွင်း,194398,မြိုင်သာ
MMR0100,MMR010030,သာစည်,MMR010030049,အုတ်တွင်း,194397,နန်းတော်ကုန်း
MMR0100,MMR010030,သာစည်,MMR010030049,အုတ်တွင်း,194396,အုတ်တွင်း
MMR0100,MMR010030,သာစည်,MMR010030049,အုတ်တွင်း,194399,ဆင်
MMR0100,MMR010030,သာစည်,MMR010030049,အုတ်တွင်း,194401,သာယာကုန်း
MMR0100,MMR010030,သာစည်,MMR010030049,အုတ်တွင်း,194402,ရေတွင်းကြီး
MMR0100,MMR010030,သာစည်,MMR010030012,အုတ်ဖို,194298,ကုက္ကိုပင်
MMR0100,MMR010030,သာစည်,MMR010030012,အုတ်ဖို,194297,အုတ်ဖို
MMR0100,MMR010030,သာစည်,MMR010030012,အုတ်ဖို,194299,ဆင်သေ
MMR0100,MMR010030,သာစည်,MMR010030056,အုပ်ကုန်း,194422,နတ်မြှောင်း
MMR0100,MMR010030,သာစည်,MMR010030056,အုပ်ကုန်း,194421,အုပ်ကုန်း
MMR0100,MMR010030,သာစည်,MMR010030062,အုပ်ရှစ်ကုန်း,194448,ဂွေးကုန်း (အရှေ့)
MMR0100,MMR010030,သာစည်,MMR010030062,အုပ်ရှစ်ကုန်း,194449,ဂွေးကုန်း (အနောက်)
MMR0100,MMR010030,သာစည်,MMR010030062,အုပ်ရှစ်ကုန်း,194451,ကွမ်းခြံ
MMR0100,MMR010030,သာစည်,MMR010030062,အုပ်ရှစ်ကုန်း,194452,ကြို့ပင်သာ
MMR0100,MMR010030,သာစည်,MMR010030062,အုပ်ရှစ်ကုန်း,194450,အုပ်ပလင်
MMR0100,MMR010030,သာစည်,MMR010030062,အုပ်ရှစ်ကုန်း,194447,အုပ်ရှစ်ကုန်း
MMR0100,MMR010030,သာစည်,MMR010030025,အောင်သာ,194336,အောင်မင်သာ
MMR0100,MMR010030,သာစည်,MMR010030025,အောင်သာ,194335,အောင်သာ
