loginCode,role,districtCode,tspCode,tvgCode,wvCode
MMR0100,district,MMR0100,,,
MMR010031,township,MMR0100,MMR010031,,
MMR010028,township,MMR0100,MMR010028,,
MMR010029,township,MMR0100,MMR010029,,
MMR010030,township,MMR0100,MMR010030,,
194657,village,MMR0100,MMR010031,MMR010031047,194657
194660,village,MMR0100,MMR010031,MMR010031047,194660
194658,village,MMR0100,MMR010031,MMR010031047,194658
194659,village,MMR0100,MMR010031,MMR010031047,194659
194710,village,MMR0100,MMR010031,MMR010031063,194710
194708,village,MMR0100,MMR010031,MMR010031063,194708
194711,village,MMR0100,MMR010031,MMR010031063,194711
194713,village,MMR0100,MMR010031,MMR010031063,194713
194712,village,MMR0100,MMR010031,MMR010031063,194712
194709,village,MMR0100,MMR010031,MMR010031063,194709
194523,village,MMR0100,MMR010031,MMR010031003,194523
194522,village,MMR0100,MMR010031,MMR010031003,194522
194521,village,MMR0100,MMR010031,MMR010031003,194521
194524,village,MMR0100,MMR010031,MMR010031003,194524
194625,village,MMR0100,MMR010031,MMR010031036,194625
194547,village,MMR0100,MMR010031,MMR010031011,194547
194548,village,MMR0100,MMR010031,MMR010031011,194548
194692,village,MMR0100,MMR010031,MMR010031057,194692
194544,village,MMR0100,MMR010031,MMR010031009,194544
194543,village,MMR0100,MMR010031,MMR010031009,194543
194593,village,MMR0100,MMR010031,MMR010031028,194593
194594,village,MMR0100,MMR010031,MMR010031029,194594
194696,village,MMR0100,MMR010031,MMR010031059,194696
194591,village,MMR0100,MMR010031,MMR010031026,194591
194568,village,MMR0100,MMR010031,MMR010031017,194568
194567,village,MMR0100,MMR010031,MMR010031017,194567
194566,village,MMR0100,MMR010031,MMR010031017,194566
194565,village,MMR0100,MMR010031,MMR010031017,194565
194588,village,MMR0100,MMR010031,MMR010031025,194588
194590,village,MMR0100,MMR010031,MMR010031025,194590
194587,village,MMR0100,MMR010031,MMR010031025,194587
194589,village,MMR0100,MMR010031,MMR010031025,194589
194656,village,MMR0100,MMR010031,MMR010031046,194656
194655,village,MMR0100,MMR010031,MMR010031046,194655
194519,village,MMR0100,MMR010031,MMR010031002,194519
194516,village,MMR0100,MMR010031,MMR010031002,194516
194514,village,MMR0100,MMR010031,MMR010031002,194514
194515,village,MMR0100,MMR010031,MMR010031002,194515
194518,village,MMR0100,MMR010031,MMR010031002,194518
194517,village,MMR0100,MMR010031,MMR010031002,194517
194520,village,MMR0100,MMR010031,MMR010031002,194520
194570,village,MMR0100,MMR010031,MMR010031018,194570
194569,village,MMR0100,MMR010031,MMR010031018,194569
194635,village,MMR0100,MMR010031,MMR010031039,194635
194636,village,MMR0100,MMR010031,MMR010031039,194636
194597,village,MMR0100,MMR010031,MMR010031030,194597
194596,village,MMR0100,MMR010031,MMR010031030,194596
194598,village,MMR0100,MMR010031,MMR010031030,194598
194595,village,MMR0100,MMR010031,MMR010031030,194595
194599,village,MMR0100,MMR010031,MMR010031030,194599
194628,village,MMR0100,MMR010031,MMR010031037,194628
194630,village,MMR0100,MMR010031,MMR010031037,194630
194629,village,MMR0100,MMR010031,MMR010031037,194629
194631,village,MMR0100,MMR010031,MMR010031037,194631
194626,village,MMR0100,MMR010031,MMR010031037,194626
194627,village,MMR0100,MMR010031,MMR010031037,194627
194726,village,MMR0100,MMR010031,MMR010031068,194726
194727,village,MMR0100,MMR010031,MMR010031068,194727
194725,village,MMR0100,MMR010031,MMR010031068,194725
194546,village,MMR0100,MMR010031,MMR010031010,194546
194545,village,MMR0100,MMR010031,MMR010031010,194545
194675,village,MMR0100,MMR010031,MMR010031052,194675
194719,village,MMR0100,MMR010031,MMR010031066,194719
194722,village,MMR0100,MMR010031,MMR010031066,194722
194705,village,MMR0100,MMR010031,MMR010031062,194705
194704,village,MMR0100,MMR010031,MMR010031062,194704
194707,village,MMR0100,MMR010031,MMR010031062,194707
194706,village,MMR0100,MMR010031,MMR010031062,194706
194666,village,MMR0100,MMR010031,MMR010031050,194666
194668,village,MMR0100,MMR010031,MMR010031050,194668
194669,village,MMR0100,MMR010031,MMR010031050,194669
194667,village,MMR0100,MMR010031,MMR010031050,194667
194581,village,MMR0100,MMR010031,MMR010031022,194581
194582,village,MMR0100,MMR010031,MMR010031022,194582
194702,village,MMR0100,MMR010031,MMR010031061,194702
194703,village,MMR0100,MMR010031,MMR010031061,194703
194677,village,MMR0100,MMR010031,MMR010031053,194677
194678,village,MMR0100,MMR010031,MMR010031053,194678
194676,village,MMR0100,MMR010031,MMR010031053,194676
194534,village,MMR0100,MMR010031,MMR010031006,194534
194532,village,MMR0100,MMR010031,MMR010031006,194532
194533,village,MMR0100,MMR010031,MMR010031006,194533
194531,village,MMR0100,MMR010031,MMR010031006,194531
194530,village,MMR0100,MMR010031,MMR010031006,194530
194644,village,MMR0100,MMR010031,MMR010031041,194644
194643,village,MMR0100,MMR010031,MMR010031041,194643
194652,village,MMR0100,MMR010031,MMR010031044,194652
194653,village,MMR0100,MMR010031,MMR010031044,194653
194550,village,MMR0100,MMR010031,MMR010031012,194550
194549,village,MMR0100,MMR010031,MMR010031012,194549
194552,village,MMR0100,MMR010031,MMR010031012,194552
194551,village,MMR0100,MMR010031,MMR010031012,194551
194553,village,MMR0100,MMR010031,MMR010031013,194553
194661,village,MMR0100,MMR010031,MMR010031048,194661
194662,village,MMR0100,MMR010031,MMR010031048,194662
194663,village,MMR0100,MMR010031,MMR010031048,194663
194562,village,MMR0100,MMR010031,MMR010031016,194562
194560,village,MMR0100,MMR010031,MMR010031016,194560
194561,village,MMR0100,MMR010031,MMR010031016,194561
194564,village,MMR0100,MMR010031,MMR010031016,194564
194563,village,MMR0100,MMR010031,MMR010031016,194563
194600,village,MMR0100,MMR010031,MMR010031031,194600
194607,village,MMR0100,MMR010031,MMR010031031,194607
194608,village,MMR0100,MMR010031,MMR010031031,194608
194604,village,MMR0100,MMR010031,MMR010031031,194604
194603,village,MMR0100,MMR010031,MMR010031031,194603
194606,village,MMR0100,MMR010031,MMR010031031,194606
194602,village,MMR0100,MMR010031,MMR010031031,194602
194605,village,MMR0100,MMR010031,MMR010031031,194605
194601,village,MMR0100,MMR010031,MMR010031031,194601
194577,village,MMR0100,MMR010031,MMR010031020,194577
194578,village,MMR0100,MMR010031,MMR010031020,194578
194579,village,MMR0100,MMR010031,MMR010031020,194579
194592,village,MMR0100,MMR010031,MMR010031027,194592
194654,village,MMR0100,MMR010031,MMR010031045,194654
194556,village,MMR0100,MMR010031,MMR010031015,194556
194559,village,MMR0100,MMR010031,MMR010031015,194559
194557,village,MMR0100,MMR010031,MMR010031015,194557
194558,village,MMR0100,MMR010031,MMR010031015,194558
194555,village,MMR0100,MMR010031,MMR010031015,194555
194650,village,MMR0100,MMR010031,MMR010031043,194650
194651,village,MMR0100,MMR010031,MMR010031043,194651
194649,village,MMR0100,MMR010031,MMR010031043,194649
194647,village,MMR0100,MMR010031,MMR010031043,194647
194648,village,MMR0100,MMR010031,MMR010031043,194648
194701,village,MMR0100,MMR010031,MMR010031060,194701
194699,village,MMR0100,MMR010031,MMR010031060,194699
194697,village,MMR0100,MMR010031,MMR010031060,194697
194700,village,MMR0100,MMR010031,MMR010031060,194700
194698,village,MMR0100,MMR010031,MMR010031060,194698
194715,village,MMR0100,MMR010031,MMR010031064,194715
194717,village,MMR0100,MMR010031,MMR010031064,194717
194716,village,MMR0100,MMR010031,MMR010031064,194716
194714,village,MMR0100,MMR010031,MMR010031064,194714
194621,village,MMR0100,MMR010031,MMR010031034,194621
194619,village,MMR0100,MMR010031,MMR010031034,194619
194620,village,MMR0100,MMR010031,MMR010031034,194620
194618,village,MMR0100,MMR010031,MMR010031034,194618
194673,village,MMR0100,MMR010031,MMR010031051,194673
194671,village,MMR0100,MMR010031,MMR010031051,194671
194672,village,MMR0100,MMR010031,MMR010031051,194672
194670,village,MMR0100,MMR010031,MMR010031051,194670
194674,village,MMR0100,MMR010031,MMR010031051,194674
194723,village,MMR0100,MMR010031,MMR010031065,194723
194720,village,MMR0100,MMR010031,MMR010031065,194720
194721,village,MMR0100,MMR010031,MMR010031065,194721
194718,village,MMR0100,MMR010031,MMR010031065,194718
194624,village,MMR0100,MMR010031,MMR010031035,194624
194623,village,MMR0100,MMR010031,MMR010031035,194623
194622,village,MMR0100,MMR010031,MMR010031035,194622
194512,village,MMR0100,MMR010031,MMR010031001,194512
194513,village,MMR0100,MMR010031,MMR010031001,194513
194511,village,MMR0100,MMR010031,MMR010031001,194511
194639,village,MMR0100,MMR010031,MMR010031040,194639
194640,village,MMR0100,MMR010031,MMR010031040,194640
194641,village,MMR0100,MMR010031,MMR010031040,194641
194638,village,MMR0100,MMR010031,MMR010031040,194638
194642,village,MMR0100,MMR010031,MMR010031040,194642
194637,village,MMR0100,MMR010031,MMR010031040,194637
194615,village,MMR0100,MMR010031,MMR010031033,194615
194614,village,MMR0100,MMR010031,MMR010031033,194614
194613,village,MMR0100,MMR010031,MMR010031033,194613
194616,village,MMR0100,MMR010031,MMR010031033,194616
194617,village,MMR0100,MMR010031,MMR010031033,194617
194688,village,MMR0100,MMR010031,MMR010031055,194688
194686,village,MMR0100,MMR010031,MMR010031055,194686
194683,village,MMR0100,MMR010031,MMR010031055,194683
194687,village,MMR0100,MMR010031,MMR010031055,194687
194684,village,MMR0100,MMR010031,MMR010031055,194684
194685,village,MMR0100,MMR010031,MMR010031055,194685
MMR010031701504,village,MMR0100,MMR010031,MMR010031701,MMR010031701504
MMR010031701505,village,MMR0100,MMR010031,MMR010031701,MMR010031701505
MMR010031701506,village,MMR0100,MMR010031,MMR010031701,MMR010031701506
MMR010031701501,village,MMR0100,MMR010031,MMR010031701,MMR010031701501
MMR010031701502,village,MMR0100,MMR010031,MMR010031701,MMR010031701502
MMR010031701503,village,MMR0100,MMR010031,MMR010031701,MMR010031701503
194554,village,MMR0100,MMR010031,MMR010031014,194554
194584,village,MMR0100,MMR010031,MMR010031023,194584
194583,village,MMR0100,MMR010031,MMR010031023,194583
194576,village,MMR0100,MMR010031,MMR010031019,194576
194575,village,MMR0100,MMR010031,MMR010031019,194575
194573,village,MMR0100,MMR010031,MMR010031019,194573
194572,village,MMR0100,MMR010031,MMR010031019,194572
194574,village,MMR0100,MMR010031,MMR010031019,194574
194571,village,MMR0100,MMR010031,MMR010031019,194571
194728,village,MMR0100,MMR010031,MMR010031069,194728
194634,village,MMR0100,MMR010031,MMR010031038,194634
194633,village,MMR0100,MMR010031,MMR010031038,194633
194632,village,MMR0100,MMR010031,MMR010031038,194632
194580,village,MMR0100,MMR010031,MMR010031021,194580
194585,village,MMR0100,MMR010031,MMR010031024,194585
194586,village,MMR0100,MMR010031,MMR010031024,194586
194664,village,MMR0100,MMR010031,MMR010031049,194664
194665,village,MMR0100,MMR010031,MMR010031049,194665
194646,village,MMR0100,MMR010031,MMR010031042,194646
194645,village,MMR0100,MMR010031,MMR010031042,194645
194693,village,MMR0100,MMR010031,MMR010031058,194693
194695,village,MMR0100,MMR010031,MMR010031058,194695
194694,village,MMR0100,MMR010031,MMR010031058,194694
194001,village,MMR0100,MMR010028,MMR010028056,194001
194003,village,MMR0100,MMR010028,MMR010028056,194003
194005,village,MMR0100,MMR010028,MMR010028056,194005
218405,village,MMR0100,MMR010028,MMR010028056,218405
194004,village,MMR0100,MMR010028,MMR010028056,194004
194002,village,MMR0100,MMR010028,MMR010028056,194002
193938,village,MMR0100,MMR010028,MMR010028043,193938
193935,village,MMR0100,MMR010028,MMR010028043,193935
193940,village,MMR0100,MMR010028,MMR010028043,193940
193937,village,MMR0100,MMR010028,MMR010028043,193937
193941,village,MMR0100,MMR010028,MMR010028043,193941
193936,village,MMR0100,MMR010028,MMR010028043,193936
193939,village,MMR0100,MMR010028,MMR010028043,193939
193812,village,MMR0100,MMR010028,MMR010028025,193812
193813,village,MMR0100,MMR010028,MMR010028025,193813
193815,village,MMR0100,MMR010028,MMR010028025,193815
193820,village,MMR0100,MMR010028,MMR010028025,193820
193819,village,MMR0100,MMR010028,MMR010028025,193819
193816,village,MMR0100,MMR010028,MMR010028025,193816
193814,village,MMR0100,MMR010028,MMR010028025,193814
193818,village,MMR0100,MMR010028,MMR010028025,193818
193817,village,MMR0100,MMR010028,MMR010028025,193817
193911,village,MMR0100,MMR010028,MMR010028039,193911
193915,village,MMR0100,MMR010028,MMR010028039,193915
193909,village,MMR0100,MMR010028,MMR010028039,193909
193913,village,MMR0100,MMR010028,MMR010028039,193913
193914,village,MMR0100,MMR010028,MMR010028039,193914
193912,village,MMR0100,MMR010028,MMR010028039,193912
193910,village,MMR0100,MMR010028,MMR010028039,193910
193897,village,MMR0100,MMR010028,MMR010028035,193897
193900,village,MMR0100,MMR010028,MMR010028035,193900
193898,village,MMR0100,MMR010028,MMR010028035,193898
193901,village,MMR0100,MMR010028,MMR010028035,193901
193899,village,MMR0100,MMR010028,MMR010028035,193899
193757,village,MMR0100,MMR010028,MMR010028018,193757
193762,village,MMR0100,MMR010028,MMR010028018,193762
193759,village,MMR0100,MMR010028,MMR010028018,193759
193851,village,MMR0100,MMR010028,MMR010028029,193851
193856,village,MMR0100,MMR010028,MMR010028029,193856
193849,village,MMR0100,MMR010028,MMR010028029,193849
193857,village,MMR0100,MMR010028,MMR010028029,193857
193858,village,MMR0100,MMR010028,MMR010028029,193858
193854,village,MMR0100,MMR010028,MMR010028029,193854
193848,village,MMR0100,MMR010028,MMR010028029,193848
193850,village,MMR0100,MMR010028,MMR010028029,193850
193855,village,MMR0100,MMR010028,MMR010028029,193855
193853,village,MMR0100,MMR010028,MMR010028029,193853
193852,village,MMR0100,MMR010028,MMR010028029,193852
193656,village,MMR0100,MMR010028,MMR010028004,193656
193660,village,MMR0100,MMR010028,MMR010028004,193660
193657,village,MMR0100,MMR010028,MMR010028004,193657
193658,village,MMR0100,MMR010028,MMR010028004,193658
193661,village,MMR0100,MMR010028,MMR010028004,193661
193659,village,MMR0100,MMR010028,MMR010028004,193659
193765,village,MMR0100,MMR010028,MMR010028019,193765
193766,village,MMR0100,MMR010028,MMR010028019,193766
193767,village,MMR0100,MMR010028,MMR010028019,193767
193768,village,MMR0100,MMR010028,MMR010028019,193768
193764,village,MMR0100,MMR010028,MMR010028019,193764
193763,village,MMR0100,MMR010028,MMR010028019,193763
193969,village,MMR0100,MMR010028,MMR010028050,193969
193971,village,MMR0100,MMR010028,MMR010028050,193971
193968,village,MMR0100,MMR010028,MMR010028050,193968
193973,village,MMR0100,MMR010028,MMR010028050,193973
193970,village,MMR0100,MMR010028,MMR010028050,193970
193974,village,MMR0100,MMR010028,MMR010028050,193974
193972,village,MMR0100,MMR010028,MMR010028050,193972
193981,village,MMR0100,MMR010028,MMR010028052,193981
193987,village,MMR0100,MMR010028,MMR010028052,193987
193978,village,MMR0100,MMR010028,MMR010028052,193978
193984,village,MMR0100,MMR010028,MMR010028052,193984
193979,village,MMR0100,MMR010028,MMR010028052,193979
193983,village,MMR0100,MMR010028,MMR010028052,193983
193980,village,MMR0100,MMR010028,MMR010028052,193980
193986,village,MMR0100,MMR010028,MMR010028052,193986
193982,village,MMR0100,MMR010028,MMR010028052,193982
193985,village,MMR0100,MMR010028,MMR010028052,193985
193824,village,MMR0100,MMR010028,MMR010028026,193824
193831,village,MMR0100,MMR010028,MMR010028026,193831
193828,village,MMR0100,MMR010028,MMR010028026,193828
193821,village,MMR0100,MMR010028,MMR010028026,193821
193825,village,MMR0100,MMR010028,MMR010028026,193825
193826,village,MMR0100,MMR010028,MMR010028026,193826
193822,village,MMR0100,MMR010028,MMR010028026,193822
193830,village,MMR0100,MMR010028,MMR010028026,193830
193832,village,MMR0100,MMR010028,MMR010028026,193832
193829,village,MMR0100,MMR010028,MMR010028026,193829
193823,village,MMR0100,MMR010028,MMR010028026,193823
193833,village,MMR0100,MMR010028,MMR010028026,193833
193827,village,MMR0100,MMR010028,MMR010028026,193827
193958,village,MMR0100,MMR010028,MMR010028046,193958
193957,village,MMR0100,MMR010028,MMR010028046,193957
193960,village,MMR0100,MMR010028,MMR010028046,193960
193959,village,MMR0100,MMR010028,MMR010028046,193959
193859,village,MMR0100,MMR010028,MMR010028030,193859
193866,village,MMR0100,MMR010028,MMR010028030,193866
193863,village,MMR0100,MMR010028,MMR010028030,193863
193861,village,MMR0100,MMR010028,MMR010028030,193861
193864,village,MMR0100,MMR010028,MMR010028030,193864
193865,village,MMR0100,MMR010028,MMR010028030,193865
193862,village,MMR0100,MMR010028,MMR010028030,193862
193860,village,MMR0100,MMR010028,MMR010028030,193860
193917,village,MMR0100,MMR010028,MMR010028040,193917
193918,village,MMR0100,MMR010028,MMR010028040,193918
193916,village,MMR0100,MMR010028,MMR010028040,193916
193919,village,MMR0100,MMR010028,MMR010028040,193919
193811,village,MMR0100,MMR010028,MMR010028024,193811
193807,village,MMR0100,MMR010028,MMR010028024,193807
193805,village,MMR0100,MMR010028,MMR010028024,193805
193806,village,MMR0100,MMR010028,MMR010028024,193806
193808,village,MMR0100,MMR010028,MMR010028024,193808
193809,village,MMR0100,MMR010028,MMR010028024,193809
193804,village,MMR0100,MMR010028,MMR010028024,193804
193810,village,MMR0100,MMR010028,MMR010028024,193810
193929,village,MMR0100,MMR010028,MMR010028042,193929
193932,village,MMR0100,MMR010028,MMR010028042,193932
193930,village,MMR0100,MMR010028,MMR010028042,193930
193933,village,MMR0100,MMR010028,MMR010028042,193933
193928,village,MMR0100,MMR010028,MMR010028042,193928
193927,village,MMR0100,MMR010028,MMR010028042,193927
193934,village,MMR0100,MMR010028,MMR010028042,193934
193926,village,MMR0100,MMR010028,MMR010028042,193926
193876,village,MMR0100,MMR010028,MMR010028032,193876
193878,village,MMR0100,MMR010028,MMR010028032,193878
193877,village,MMR0100,MMR010028,MMR010028032,193877
193875,village,MMR0100,MMR010028,MMR010028032,193875
193908,village,MMR0100,MMR010028,MMR010028038,193908
193907,village,MMR0100,MMR010028,MMR010028038,193907
193905,village,MMR0100,MMR010028,MMR010028038,193905
193906,village,MMR0100,MMR010028,MMR010028038,193906
218402,village,MMR0100,MMR010028,MMR010028038,218402
193902,village,MMR0100,MMR010028,MMR010028036,193902
193946,village,MMR0100,MMR010028,MMR010028044,193946
193948,village,MMR0100,MMR010028,MMR010028044,193948
193943,village,MMR0100,MMR010028,MMR010028044,193943
193942,village,MMR0100,MMR010028,MMR010028044,193942
193947,village,MMR0100,MMR010028,MMR010028044,193947
193945,village,MMR0100,MMR010028,MMR010028044,193945
193950,village,MMR0100,MMR010028,MMR010028044,193950
193944,village,MMR0100,MMR010028,MMR010028044,193944
193949,village,MMR0100,MMR010028,MMR010028044,193949
193977,village,MMR0100,MMR010028,MMR010028051,193977
193975,village,MMR0100,MMR010028,MMR010028051,193975
193976,village,MMR0100,MMR010028,MMR010028051,193976
193725,village,MMR0100,MMR010028,MMR010028013,193725
218399,village,MMR0100,MMR010028,MMR010028013,218399
193729,village,MMR0100,MMR010028,MMR010028013,193729
193731,village,MMR0100,MMR010028,MMR010028013,193731
193732,village,MMR0100,MMR010028,MMR010028013,193732
193726,village,MMR0100,MMR010028,MMR010028013,193726
193727,village,MMR0100,MMR010028,MMR010028013,193727
193724,village,MMR0100,MMR010028,MMR010028013,193724
193728,village,MMR0100,MMR010028,MMR010028013,193728
193723,village,MMR0100,MMR010028,MMR010028013,193723
193730,village,MMR0100,MMR010028,MMR010028013,193730
193895,village,MMR0100,MMR010028,MMR010028034,193895
193892,village,MMR0100,MMR010028,MMR010028034,193892
193891,village,MMR0100,MMR010028,MMR010028034,193891
193889,village,MMR0100,MMR010028,MMR010028034,193889
193893,village,MMR0100,MMR010028,MMR010028034,193893
193896,village,MMR0100,MMR010028,MMR010028034,193896
193887,village,MMR0100,MMR010028,MMR010028034,193887
193890,village,MMR0100,MMR010028,MMR010028034,193890
193888,village,MMR0100,MMR010028,MMR010028034,193888
193894,village,MMR0100,MMR010028,MMR010028034,193894
193883,village,MMR0100,MMR010028,MMR010028033,193883
193879,village,MMR0100,MMR010028,MMR010028033,193879
193884,village,MMR0100,MMR010028,MMR010028033,193884
193882,village,MMR0100,MMR010028,MMR010028033,193882
193880,village,MMR0100,MMR010028,MMR010028033,193880
193881,village,MMR0100,MMR010028,MMR010028033,193881
193885,village,MMR0100,MMR010028,MMR010028033,193885
193886,village,MMR0100,MMR010028,MMR010028033,193886
193962,village,MMR0100,MMR010028,MMR010028047,193962
193961,village,MMR0100,MMR010028,MMR010028047,193961
193963,village,MMR0100,MMR010028,MMR010028047,193963
193995,village,MMR0100,MMR010028,MMR010028054,193995
193992,village,MMR0100,MMR010028,MMR010028054,193992
193996,village,MMR0100,MMR010028,MMR010028054,193996
193994,village,MMR0100,MMR010028,MMR010028054,193994
193993,village,MMR0100,MMR010028,MMR010028054,193993
193870,village,MMR0100,MMR010028,MMR010028031,193870
193874,village,MMR0100,MMR010028,MMR010028031,193874
193872,village,MMR0100,MMR010028,MMR010028031,193872
193867,village,MMR0100,MMR010028,MMR010028031,193867
193873,village,MMR0100,MMR010028,MMR010028031,193873
193869,village,MMR0100,MMR010028,MMR010028031,193869
193868,village,MMR0100,MMR010028,MMR010028031,193868
193871,village,MMR0100,MMR010028,MMR010028031,193871
193956,village,MMR0100,MMR010028,MMR010028045,193956
193951,village,MMR0100,MMR010028,MMR010028045,193951
193955,village,MMR0100,MMR010028,MMR010028045,193955
193953,village,MMR0100,MMR010028,MMR010028045,193953
193954,village,MMR0100,MMR010028,MMR010028045,193954
193952,village,MMR0100,MMR010028,MMR010028045,193952
193773,village,MMR0100,MMR010028,MMR010028020,193773
193770,village,MMR0100,MMR010028,MMR010028020,193770
193775,village,MMR0100,MMR010028,MMR010028020,193775
193772,village,MMR0100,MMR010028,MMR010028020,193772
193769,village,MMR0100,MMR010028,MMR010028020,193769
193776,village,MMR0100,MMR010028,MMR010028020,193776
193774,village,MMR0100,MMR010028,MMR010028020,193774
193771,village,MMR0100,MMR010028,MMR010028020,193771
193777,village,MMR0100,MMR010028,MMR010028020,193777
193685,village,MMR0100,MMR010028,MMR010028007,193685
193683,village,MMR0100,MMR010028,MMR010028007,193683
193681,village,MMR0100,MMR010028,MMR010028007,193681
193680,village,MMR0100,MMR010028,MMR010028007,193680
193682,village,MMR0100,MMR010028,MMR010028007,193682
193686,village,MMR0100,MMR010028,MMR010028007,193686
193687,village,MMR0100,MMR010028,MMR010028007,193687
193684,village,MMR0100,MMR010028,MMR010028007,193684
MMR010028701505,village,MMR0100,MMR010028,MMR010028701,MMR010028701505
MMR010028701501,village,MMR0100,MMR010028,MMR010028701,MMR010028701501
MMR010028701507,village,MMR0100,MMR010028,MMR010028701,MMR010028701507
MMR010028701512,village,MMR0100,MMR010028,MMR010028701,MMR010028701512
MMR010028701510,village,MMR0100,MMR010028,MMR010028701,MMR010028701510
MMR010028701504,village,MMR0100,MMR010028,MMR010028701,MMR010028701504
MMR010028701503,village,MMR0100,MMR010028,MMR010028701,MMR010028701503
MMR010028701502,village,MMR0100,MMR010028,MMR010028701,MMR010028701502
MMR010028701514,village,MMR0100,MMR010028,MMR010028701,MMR010028701514
MMR010028701513,village,MMR0100,MMR010028,MMR010028701,MMR010028701513
MMR010028701511,village,MMR0100,MMR010028,MMR010028701,MMR010028701511
MMR010028701508,village,MMR0100,MMR010028,MMR010028701,MMR010028701508
MMR010028701506,village,MMR0100,MMR010028,MMR010028701,MMR010028701506
MMR010028701509,village,MMR0100,MMR010028,MMR010028701,MMR010028701509
193745,village,MMR0100,MMR010028,MMR010028016,193745
218401,village,MMR0100,MMR010028,MMR010028016,218401
193748,village,MMR0100,MMR010028,MMR010028016,193748
193749,village,MMR0100,MMR010028,MMR010028016,193749
193744,village,MMR0100,MMR010028,MMR010028016,193744
193746,village,MMR0100,MMR010028,MMR010028016,193746
193747,village,MMR0100,MMR010028,MMR010028016,193747
193967,village,MMR0100,MMR010028,MMR010028049,193967
193843,village,MMR0100,MMR010028,MMR010028028,193843
193844,village,MMR0100,MMR010028,MMR010028028,193844
193846,village,MMR0100,MMR010028,MMR010028028,193846
193845,village,MMR0100,MMR010028,MMR010028028,193845
193842,village,MMR0100,MMR010028,MMR010028028,193842
193847,village,MMR0100,MMR010028,MMR010028028,193847
194008,village,MMR0100,MMR010028,MMR010028057,194008
194007,village,MMR0100,MMR010028,MMR010028057,194007
194009,village,MMR0100,MMR010028,MMR010028057,194009
194011,village,MMR0100,MMR010028,MMR010028057,194011
194006,village,MMR0100,MMR010028,MMR010028057,194006
194010,village,MMR0100,MMR010028,MMR010028057,194010
194012,village,MMR0100,MMR010028,MMR010028057,194012
193903,village,MMR0100,MMR010028,MMR010028037,193903
193904,village,MMR0100,MMR010028,MMR010028037,193904
193739,village,MMR0100,MMR010028,MMR010028014,193739
193734,village,MMR0100,MMR010028,MMR010028014,193734
218400,village,MMR0100,MMR010028,MMR010028014,218400
193735,village,MMR0100,MMR010028,MMR010028014,193735
193738,village,MMR0100,MMR010028,MMR010028014,193738
193740,village,MMR0100,MMR010028,MMR010028014,193740
193733,village,MMR0100,MMR010028,MMR010028014,193733
193737,village,MMR0100,MMR010028,MMR010028014,193737
193988,village,MMR0100,MMR010028,MMR010028053,193988
193990,village,MMR0100,MMR010028,MMR010028053,193990
193991,village,MMR0100,MMR010028,MMR010028053,193991
193989,village,MMR0100,MMR010028,MMR010028053,193989
193964,village,MMR0100,MMR010028,MMR010028048,193964
193966,village,MMR0100,MMR010028,MMR010028048,193966
193965,village,MMR0100,MMR010028,MMR010028048,193965
193655,village,MMR0100,MMR010028,MMR010028003,193655
193652,village,MMR0100,MMR010028,MMR010028003,193652
193651,village,MMR0100,MMR010028,MMR010028003,193651
193653,village,MMR0100,MMR010028,MMR010028003,193653
193999,village,MMR0100,MMR010028,MMR010028055,193999
193998,village,MMR0100,MMR010028,MMR010028055,193998
194000,village,MMR0100,MMR010028,MMR010028055,194000
193997,village,MMR0100,MMR010028,MMR010028055,193997
193750,village,MMR0100,MMR010028,MMR010028017,193750
193754,village,MMR0100,MMR010028,MMR010028017,193754
193751,village,MMR0100,MMR010028,MMR010028017,193751
193752,village,MMR0100,MMR010028,MMR010028017,193752
193753,village,MMR0100,MMR010028,MMR010028017,193753
193788,village,MMR0100,MMR010028,MMR010028022,193788
193790,village,MMR0100,MMR010028,MMR010028022,193790
193789,village,MMR0100,MMR010028,MMR010028022,193789
193787,village,MMR0100,MMR010028,MMR010028022,193787
193782,village,MMR0100,MMR010028,MMR010028021,193782
193784,village,MMR0100,MMR010028,MMR010028021,193784
193780,village,MMR0100,MMR010028,MMR010028021,193780
193781,village,MMR0100,MMR010028,MMR010028021,193781
193783,village,MMR0100,MMR010028,MMR010028021,193783
193785,village,MMR0100,MMR010028,MMR010028021,193785
193786,village,MMR0100,MMR010028,MMR010028021,193786
193778,village,MMR0100,MMR010028,MMR010028021,193778
193834,village,MMR0100,MMR010028,MMR010028027,193834
193836,village,MMR0100,MMR010028,MMR010028027,193836
193839,village,MMR0100,MMR010028,MMR010028027,193839
193840,village,MMR0100,MMR010028,MMR010028027,193840
193838,village,MMR0100,MMR010028,MMR010028027,193838
193837,village,MMR0100,MMR010028,MMR010028027,193837
193835,village,MMR0100,MMR010028,MMR010028027,193835
193841,village,MMR0100,MMR010028,MMR010028027,193841
193791,village,MMR0100,MMR010028,MMR010028023,193791
193796,village,MMR0100,MMR010028,MMR010028023,193796
193802,village,MMR0100,MMR010028,MMR010028023,193802
193803,village,MMR0100,MMR010028,MMR010028023,193803
193799,village,MMR0100,MMR010028,MMR010028023,193799
193795,village,MMR0100,MMR010028,MMR010028023,193795
193793,village,MMR0100,MMR010028,MMR010028023,193793
193792,village,MMR0100,MMR010028,MMR010028023,193792
193800,village,MMR0100,MMR010028,MMR010028023,193800
193801,village,MMR0100,MMR010028,MMR010028023,193801
193798,village,MMR0100,MMR010028,MMR010028023,193798
193794,village,MMR0100,MMR010028,MMR010028023,193794
193797,village,MMR0100,MMR010028,MMR010028023,193797
193709,village,MMR0100,MMR010028,MMR010028011,193709
221125,village,MMR0100,MMR010028,MMR010028011,221125
194123,village,MMR0100,MMR010029,MMR010029020,194123
194122,village,MMR0100,MMR010029,MMR010029020,194122
194121,village,MMR0100,MMR010029,MMR010029020,194121
194120,village,MMR0100,MMR010029,MMR010029020,194120
194127,village,MMR0100,MMR010029,MMR010029020,194127
194124,village,MMR0100,MMR010029,MMR010029020,194124
194126,village,MMR0100,MMR010029,MMR010029020,194126
194125,village,MMR0100,MMR010029,MMR010029020,194125
194075,village,MMR0100,MMR010029,MMR010029010,194075
194074,village,MMR0100,MMR010029,MMR010029010,194074
194076,village,MMR0100,MMR010029,MMR010029010,194076
194077,village,MMR0100,MMR010029,MMR010029010,194077
194130,village,MMR0100,MMR010029,MMR010029021,194130
194128,village,MMR0100,MMR010029,MMR010029021,194128
194133,village,MMR0100,MMR010029,MMR010029021,194133
194131,village,MMR0100,MMR010029,MMR010029021,194131
194132,village,MMR0100,MMR010029,MMR010029021,194132
194129,village,MMR0100,MMR010029,MMR010029021,194129
194022,village,MMR0100,MMR010029,MMR010029001,194022
194023,village,MMR0100,MMR010029,MMR010029001,194023
194024,village,MMR0100,MMR010029,MMR010029001,194024
194087,village,MMR0100,MMR010029,MMR010029013,194087
194088,village,MMR0100,MMR010029,MMR010029013,194088
194102,village,MMR0100,MMR010029,MMR010029016,194102
194099,village,MMR0100,MMR010029,MMR010029016,194099
194100,village,MMR0100,MMR010029,MMR010029016,194100
194101,village,MMR0100,MMR010029,MMR010029016,194101
194145,village,MMR0100,MMR010029,MMR010029024,194145
194146,village,MMR0100,MMR010029,MMR010029024,194146
194142,village,MMR0100,MMR010029,MMR010029024,194142
194144,village,MMR0100,MMR010029,MMR010029024,194144
194143,village,MMR0100,MMR010029,MMR010029024,194143
194096,village,MMR0100,MMR010029,MMR010029015,194096
194098,village,MMR0100,MMR010029,MMR010029015,194098
194097,village,MMR0100,MMR010029,MMR010029015,194097
194153,village,MMR0100,MMR010029,MMR010029026,194153
194151,village,MMR0100,MMR010029,MMR010029026,194151
194152,village,MMR0100,MMR010029,MMR010029026,194152
MMR010029701501,village,MMR0100,MMR010029,MMR010029701,MMR010029701501
MMR010029701502,village,MMR0100,MMR010029,MMR010029701,MMR010029701502
MMR010029701503,village,MMR0100,MMR010029,MMR010029701,MMR010029701503
MMR010029701504,village,MMR0100,MMR010029,MMR010029701,MMR010029701504
194089,village,MMR0100,MMR010029,MMR010029014,194089
194094,village,MMR0100,MMR010029,MMR010029014,194094
194095,village,MMR0100,MMR010029,MMR010029014,194095
194091,village,MMR0100,MMR010029,MMR010029014,194091
194090,village,MMR0100,MMR010029,MMR010029014,194090
194093,village,MMR0100,MMR010029,MMR010029014,194093
194092,village,MMR0100,MMR010029,MMR010029014,194092
194105,village,MMR0100,MMR010029,MMR010029017,194105
194104,village,MMR0100,MMR010029,MMR010029017,194104
194103,village,MMR0100,MMR010029,MMR010029017,194103
194137,village,MMR0100,MMR010029,MMR010029022,194137
194136,village,MMR0100,MMR010029,MMR010029022,194136
194135,village,MMR0100,MMR010029,MMR010029022,194135
194134,village,MMR0100,MMR010029,MMR010029022,194134
194254,village,MMR0100,MMR010029,MMR010029050,194254
194255,village,MMR0100,MMR010029,MMR010029050,194255
194253,village,MMR0100,MMR010029,MMR010029050,194253
194080,village,MMR0100,MMR010029,MMR010029011,194080
194081,village,MMR0100,MMR010029,MMR010029011,194081
194078,village,MMR0100,MMR010029,MMR010029011,194078
194079,village,MMR0100,MMR010029,MMR010029011,194079
194150,village,MMR0100,MMR010029,MMR010029025,194150
194149,village,MMR0100,MMR010029,MMR010029025,194149
194148,village,MMR0100,MMR010029,MMR010029025,194148
194147,village,MMR0100,MMR010029,MMR010029025,194147
194110,village,MMR0100,MMR010029,MMR010029018,194110
194109,village,MMR0100,MMR010029,MMR010029018,194109
194111,village,MMR0100,MMR010029,MMR010029018,194111
194113,village,MMR0100,MMR010029,MMR010029018,194113
194107,village,MMR0100,MMR010029,MMR010029018,194107
194106,village,MMR0100,MMR010029,MMR010029018,194106
194112,village,MMR0100,MMR010029,MMR010029018,194112
194108,village,MMR0100,MMR010029,MMR010029018,194108
194086,village,MMR0100,MMR010029,MMR010029012,194086
194085,village,MMR0100,MMR010029,MMR010029012,194085
194084,village,MMR0100,MMR010029,MMR010029012,194084
194083,village,MMR0100,MMR010029,MMR010029012,194083
194082,village,MMR0100,MMR010029,MMR010029012,194082
194139,village,MMR0100,MMR010029,MMR010029023,194139
194141,village,MMR0100,MMR010029,MMR010029023,194141
194138,village,MMR0100,MMR010029,MMR010029023,194138
194140,village,MMR0100,MMR010029,MMR010029023,194140
194408,village,MMR0100,MMR010030,MMR010030051,194408
194406,village,MMR0100,MMR010030,MMR010030051,194406
194407,village,MMR0100,MMR010030,MMR010030051,194407
194327,village,MMR0100,MMR010030,MMR010030023,194327
194328,village,MMR0100,MMR010030,MMR010030023,194328
194330,village,MMR0100,MMR010030,MMR010030023,194330
194331,village,MMR0100,MMR010030,MMR010030023,194331
194329,village,MMR0100,MMR010030,MMR010030023,194329
194302,village,MMR0100,MMR010030,MMR010030015,194302
194303,village,MMR0100,MMR010030,MMR010030015,194303
194287,village,MMR0100,MMR010030,MMR010030008,194287
194286,village,MMR0100,MMR010030,MMR010030008,194286
194312,village,MMR0100,MMR010030,MMR010030018,194312
194309,village,MMR0100,MMR010030,MMR010030018,194309
194308,village,MMR0100,MMR010030,MMR010030018,194308
218406,village,MMR0100,MMR010030,MMR010030018,218406
194307,village,MMR0100,MMR010030,MMR010030018,194307
194311,village,MMR0100,MMR010030,MMR010030018,194311
194310,village,MMR0100,MMR010030,MMR010030018,194310
194313,village,MMR0100,MMR010030,MMR010030018,194313
194350,village,MMR0100,MMR010030,MMR010030034,194350
194351,village,MMR0100,MMR010030,MMR010030034,194351
194272,village,MMR0100,MMR010030,MMR010030002,194272
194273,village,MMR0100,MMR010030,MMR010030002,194273
194270,village,MMR0100,MMR010030,MMR010030002,194270
194271,village,MMR0100,MMR010030,MMR010030002,194271
194274,village,MMR0100,MMR010030,MMR010030002,194274
194484,village,MMR0100,MMR010030,MMR010030074,194484
194483,village,MMR0100,MMR010030,MMR010030074,194483
194486,village,MMR0100,MMR010030,MMR010030074,194486
194485,village,MMR0100,MMR010030,MMR010030074,194485
218422,village,MMR0100,MMR010030,MMR010030074,218422
194294,village,MMR0100,MMR010030,MMR010030011,194294
194296,village,MMR0100,MMR010030,MMR010030011,194296
194295,village,MMR0100,MMR010030,MMR010030011,194295
194269,village,MMR0100,MMR010030,MMR010030001,194269
194410,village,MMR0100,MMR010030,MMR010030052,194410
194409,village,MMR0100,MMR010030,MMR010030052,194409
194411,village,MMR0100,MMR010030,MMR010030052,194411
218413,village,MMR0100,MMR010030,MMR010030052,218413
194412,village,MMR0100,MMR010030,MMR010030052,194412
194306,village,MMR0100,MMR010030,MMR010030017,194306
194326,village,MMR0100,MMR010030,MMR010030022,194326
194325,village,MMR0100,MMR010030,MMR010030022,194325
194324,village,MMR0100,MMR010030,MMR010030022,194324
194370,village,MMR0100,MMR010030,MMR010030039,194370
194369,village,MMR0100,MMR010030,MMR010030039,194369
194371,village,MMR0100,MMR010030,MMR010030039,194371
194372,village,MMR0100,MMR010030,MMR010030039,194372
194292,village,MMR0100,MMR010030,MMR010030010,194292
194293,village,MMR0100,MMR010030,MMR010030010,194293
194510,village,MMR0100,MMR010030,MMR010030080,194510
194509,village,MMR0100,MMR010030,MMR010030080,194509
194507,village,MMR0100,MMR010030,MMR010030080,194507
194508,village,MMR0100,MMR010030,MMR010030080,194508
194464,village,MMR0100,MMR010030,MMR010030068,194464
194276,village,MMR0100,MMR010030,MMR010030003,194276
194275,village,MMR0100,MMR010030,MMR010030003,194275
194395,village,MMR0100,MMR010030,MMR010030048,194395
194394,village,MMR0100,MMR010030,MMR010030048,194394
194456,village,MMR0100,MMR010030,MMR010030063,194456
194457,village,MMR0100,MMR010030,MMR010030063,194457
194454,village,MMR0100,MMR010030,MMR010030063,194454
194455,village,MMR0100,MMR010030,MMR010030063,194455
194453,village,MMR0100,MMR010030,MMR010030063,194453
194301,village,MMR0100,MMR010030,MMR010030014,194301
194426,village,MMR0100,MMR010030,MMR010030058,194426
194425,village,MMR0100,MMR010030,MMR010030058,194425
194280,village,MMR0100,MMR010030,MMR010030005,194280
194281,village,MMR0100,MMR010030,MMR010030005,194281
194414,village,MMR0100,MMR010030,MMR010030053,194414
194413,village,MMR0100,MMR010030,MMR010030053,194413
194356,village,MMR0100,MMR010030,MMR010030035,194356
194355,village,MMR0100,MMR010030,MMR010030035,194355
194357,village,MMR0100,MMR010030,MMR010030035,194357
194352,village,MMR0100,MMR010030,MMR010030035,194352
194354,village,MMR0100,MMR010030,MMR010030035,194354
194353,village,MMR0100,MMR010030,MMR010030035,194353
194440,village,MMR0100,MMR010030,MMR010030060,194440
194435,village,MMR0100,MMR010030,MMR010030060,194435
194436,village,MMR0100,MMR010030,MMR010030060,194436
194431,village,MMR0100,MMR010030,MMR010030060,194431
194434,village,MMR0100,MMR010030,MMR010030060,194434
194430,village,MMR0100,MMR010030,MMR010030060,194430
194432,village,MMR0100,MMR010030,MMR010030060,194432
194441,village,MMR0100,MMR010030,MMR010030060,194441
194439,village,MMR0100,MMR010030,MMR010030060,194439
194433,village,MMR0100,MMR010030,MMR010030060,194433
194437,village,MMR0100,MMR010030,MMR010030060,194437
194438,village,MMR0100,MMR010030,MMR010030060,194438
194445,village,MMR0100,MMR010030,MMR010030061,194445
194444,village,MMR0100,MMR010030,MMR010030061,194444
194443,village,MMR0100,MMR010030,MMR010030061,194443
194442,village,MMR0100,MMR010030,MMR010030061,194442
194446,village,MMR0100,MMR010030,MMR010030061,194446
194381,village,MMR0100,MMR010030,MMR010030043,194381
194380,village,MMR0100,MMR010030,MMR010030043,194380
194379,village,MMR0100,MMR010030,MMR010030042,194379
194378,village,MMR0100,MMR010030,MMR010030042,194378
194377,village,MMR0100,MMR010030,MMR010030042,194377
194419,village,MMR0100,MMR010030,MMR010030055,194419
194417,village,MMR0100,MMR010030,MMR010030055,194417
194420,village,MMR0100,MMR010030,MMR010030055,194420
194418,village,MMR0100,MMR010030,MMR010030055,194418
194340,village,MMR0100,MMR010030,MMR010030027,194340
194481,village,MMR0100,MMR010030,MMR010030073,194481
194480,village,MMR0100,MMR010030,MMR010030073,194480
194482,village,MMR0100,MMR010030,MMR010030073,194482
194478,village,MMR0100,MMR010030,MMR010030073,194478
194479,village,MMR0100,MMR010030,MMR010030073,194479
194461,village,MMR0100,MMR010030,MMR010030066,194461
194462,village,MMR0100,MMR010030,MMR010030066,194462
194358,village,MMR0100,MMR010030,MMR010030036,194358
194359,village,MMR0100,MMR010030,MMR010030036,194359
194360,village,MMR0100,MMR010030,MMR010030036,194360
194361,village,MMR0100,MMR010030,MMR010030036,194361
194362,village,MMR0100,MMR010030,MMR010030036,194362
194282,village,MMR0100,MMR010030,MMR010030006,194282
194283,village,MMR0100,MMR010030,MMR010030006,194283
194382,village,MMR0100,MMR010030,MMR010030044,194382
194384,village,MMR0100,MMR010030,MMR010030044,194384
194383,village,MMR0100,MMR010030,MMR010030044,194383
194385,village,MMR0100,MMR010030,MMR010030045,194385
194388,village,MMR0100,MMR010030,MMR010030045,194388
194387,village,MMR0100,MMR010030,MMR010030045,194387
194386,village,MMR0100,MMR010030,MMR010030045,194386
194332,village,MMR0100,MMR010030,MMR010030024,194332
194334,village,MMR0100,MMR010030,MMR010030024,194334
194333,village,MMR0100,MMR010030,MMR010030024,194333
194470,village,MMR0100,MMR010030,MMR010030071,194470
194473,village,MMR0100,MMR010030,MMR010030071,194473
194472,village,MMR0100,MMR010030,MMR010030071,194472
194471,village,MMR0100,MMR010030,MMR010030071,194471
194469,village,MMR0100,MMR010030,MMR010030071,194469
194458,village,MMR0100,MMR010030,MMR010030064,194458
194284,village,MMR0100,MMR010030,MMR010030007,194284
194285,village,MMR0100,MMR010030,MMR010030007,194285
194341,village,MMR0100,MMR010030,MMR010030028,194341
194323,village,MMR0100,MMR010030,MMR010030021,194323
194321,village,MMR0100,MMR010030,MMR010030021,194321
194322,village,MMR0100,MMR010030,MMR010030021,194322
194393,village,MMR0100,MMR010030,MMR010030047,194393
194392,village,MMR0100,MMR010030,MMR010030047,194392
194500,village,MMR0100,MMR010030,MMR010030078,194500
194499,village,MMR0100,MMR010030,MMR010030078,194499
194498,village,MMR0100,MMR010030,MMR010030078,194498
194502,village,MMR0100,MMR010030,MMR010030078,194502
194503,village,MMR0100,MMR010030,MMR010030078,194503
194476,village,MMR0100,MMR010030,MMR010030072,194476
218415,village,MMR0100,MMR010030,MMR010030072,218415
194475,village,MMR0100,MMR010030,MMR010030072,194475
194477,village,MMR0100,MMR010030,MMR010030072,194477
194474,village,MMR0100,MMR010030,MMR010030072,194474
194338,village,MMR0100,MMR010030,MMR010030026,194338
194339,village,MMR0100,MMR010030,MMR010030026,194339
194337,village,MMR0100,MMR010030,MMR010030026,194337
194416,village,MMR0100,MMR010030,MMR010030054,194416
194415,village,MMR0100,MMR010030,MMR010030054,194415
194320,village,MMR0100,MMR010030,MMR010030020,194320
194291,village,MMR0100,MMR010030,MMR010030009,194291
194290,village,MMR0100,MMR010030,MMR010030009,194290
194288,village,MMR0100,MMR010030,MMR010030009,194288
194289,village,MMR0100,MMR010030,MMR010030009,194289
194300,village,MMR0100,MMR010030,MMR010030013,194300
194504,village,MMR0100,MMR010030,MMR010030079,194504
194506,village,MMR0100,MMR010030,MMR010030079,194506
194505,village,MMR0100,MMR010030,MMR010030079,194505
194314,village,MMR0100,MMR010030,MMR010030019,194314
194316,village,MMR0100,MMR010030,MMR010030019,194316
218408,village,MMR0100,MMR010030,MMR010030019,218408
218407,village,MMR0100,MMR010030,MMR010030019,218407
194315,village,MMR0100,MMR010030,MMR010030019,194315
194317,village,MMR0100,MMR010030,MMR010030019,194317
194318,village,MMR0100,MMR010030,MMR010030019,194318
194319,village,MMR0100,MMR010030,MMR010030019,194319
194465,village,MMR0100,MMR010030,MMR010030069,194465
194466,village,MMR0100,MMR010030,MMR010030069,194466
194467,village,MMR0100,MMR010030,MMR010030069,194467
194349,village,MMR0100,MMR010030,MMR010030033,194349
218410,village,MMR0100,MMR010030,MMR010030033,218410
194348,village,MMR0100,MMR010030,MMR010030033,194348
194374,village,MMR0100,MMR010030,MMR010030040,194374
194373,village,MMR0100,MMR010030,MMR010030040,194373
194405,village,MMR0100,MMR010030,MMR010030050,194405
194404,village,MMR0100,MMR010030,MMR010030050,194404
194403,village,MMR0100,MMR010030,MMR010030050,194403
194342,village,MMR0100,MMR010030,MMR010030029,194342
194376,village,MMR0100,MMR010030,MMR010030041,194376
194375,village,MMR0100,MMR010030,MMR010030041,194375
194305,village,MMR0100,MMR010030,MMR010030016,194305
194304,village,MMR0100,MMR010030,MMR010030016,194304
194424,village,MMR0100,MMR010030,MMR010030057,194424
194423,village,MMR0100,MMR010030,MMR010030057,194423
194367,village,MMR0100,MMR010030,MMR010030038,194367
194366,village,MMR0100,MMR010030,MMR010030038,194366
194368,village,MMR0100,MMR010030,MMR010030038,194368
MMR010030701501,village,MMR0100,MMR010030,MMR010030701,MMR010030701501
MMR010030701502,village,MMR0100,MMR010030,MMR010030701,MMR010030701502
MMR010030701503,village,MMR0100,MMR010030,MMR010030701,MMR010030701503
MMR010030701504,village,MMR0100,MMR010030,MMR010030701,MMR010030701504
MMR010030701505,village,MMR0100,MMR010030,MMR010030701,MMR010030701505
MMR010030701506,village,MMR0100,MMR010030,MMR010030701,MMR010030701506
MMR010030701507,village,MMR0100,MMR010030,MMR010030701,MMR010030701507
194429,village,MMR0100,MMR010030,MMR010030059,194429
194428,village,MMR0100,MMR010030,MMR010030059,194428
194427,village,MMR0100,MMR010030,MMR010030059,194427
194365,village,MMR0100,MMR010030,MMR010030037,194365
194363,village,MMR0100,MMR010030,MMR010030037,194363
194364,village,MMR0100,MMR010030,MMR010030037,194364
194347,village,MMR0100,MMR010030,MMR010030032,194347
194468,village,MMR0100,MMR010030,MMR010030070,194468
194463,village,MMR0100,MMR010030,MMR010030067,194463
194459,village,MMR0100,MMR010030,MMR010030065,194459
194460,village,MMR0100,MMR010030,MMR010030065,194460
194343,village,MMR0100,MMR010030,MMR010030030,194343
194344,village,MMR0100,MMR010030,MMR010030030,194344
194278,village,MMR0100,MMR010030,MMR010030004,194278
194279,village,MMR0100,MMR010030,MMR010030004,194279
194277,village,MMR0100,MMR010030,MMR010030004,194277
194389,village,MMR0100,MMR010030,MMR010030046,194389
194391,village,MMR0100,MMR010030,MMR010030046,194391
194390,village,MMR0100,MMR010030,MMR010030046,194390
218412,village,MMR0100,MMR010030,MMR010030046,218412
194345,village,MMR0100,MMR010030,MMR010030031,194345
194346,village,MMR0100,MMR010030,MMR010030031,194346
194400,village,MMR0100,MMR010030,MMR010030049,194400
194398,village,MMR0100,MMR010030,MMR010030049,194398
194397,village,MMR0100,MMR010030,MMR010030049,194397
194396,village,MMR0100,MMR010030,MMR010030049,194396
194399,village,MMR0100,MMR010030,MMR010030049,194399
194401,village,MMR0100,MMR010030,MMR010030049,194401
194402,village,MMR0100,MMR010030,MMR010030049,194402
194298,village,MMR0100,MMR010030,MMR010030012,194298
194297,village,MMR0100,MMR010030,MMR010030012,194297
194299,village,MMR0100,MMR010030,MMR010030012,194299
194422,village,MMR0100,MMR010030,MMR010030056,194422
194421,village,MMR0100,MMR010030,MMR010030056,194421
194448,village,MMR0100,MMR010030,MMR010030062,194448
194449,village,MMR0100,MMR010030,MMR010030062,194449
194451,village,MMR0100,MMR010030,MMR010030062,194451
194452,village,MMR0100,MMR010030,MMR010030062,194452
194450,village,MMR0100,MMR010030,MMR010030062,194450
194447,village,MMR0100,MMR010030,MMR010030062,194447
194336,village,MMR0100,MMR010030,MMR010030025,194336
194335,village,MMR0100,MMR010030,MMR010030025,194335
